variable,variable_name,variable_url,spectra_type,subset,geo,model,model_path,model_summary,description,pca.model.mir,pca.model.visnir,pca.model_path,accuracy_plot_png,R_square,RSME,N,pca_plot_rds,model_wasabi_url,model_wasabi_size_MB,pca.model_wasabi_url
log..oc_usda.calc_wpct,Soil organic carbon content in wpct,https://soilspectroscopy.github.io/ossl-manual/database.html#oc_usda.calc_wpct,mir,kssl,na,mir_mlr..eml_kssl_na_v1.rds,/soilspectroscopy/ossl_models/log..oc_usda.calc_wpct/,http://s3.us-east-1.wasabisys.com/soilspectroscopy/ossl_models/log..oc_usda.calc_wpct/mir_mlr..eml_kssl_na_v1_resultsFit.txt,Ensemble ML model to predict Soil organic carbon content in wpct using kssl data,mpca_mir_kssl_v1.rds,,/soilspectroscopy/ossl_models/pca.ossl/,http://s3.us-east-1.wasabisys.com/soilspectroscopy/ossl_models/log..oc_usda.calc_wpct/ap.mir_mlr..eml_kssl_na_v1.rds.png,0.978,0.150,72246,/ossl_models/pca.ossl/mpca_mir_kssl_plot.rds,http://s3.us-east-1.wasabisys.com/soilspectroscopy/ossl_models/log..oc_usda.calc_wpct/mir_mlr..eml_kssl_na_v1.rds,,http://s3.us-east-1.wasabisys.com/soilspectroscopy/ossl_models/pca.ossl/mpca_mir_kssl_v1.rds
log..oc_usda.calc_wpct,Soil organic carbon content in wpct,https://soilspectroscopy.github.io/ossl-manual/database.html#oc_usda.calc_wpct,mir,kssl,ll,mir_mlr..eml_kssl_ll_v1.rds,/soilspectroscopy/ossl_models/log..oc_usda.calc_wpct/,http://s3.us-east-1.wasabisys.com/soilspectroscopy/ossl_models/log..oc_usda.calc_wpct/mir_mlr..eml_kssl_ll_v1_resultsFit.txt,Ensemble ML model to predict Soil organic carbon content in wpct using kssl data,mpca_mir_kssl_v1.rds,,/soilspectroscopy/ossl_models/pca.ossl/,http://s3.us-east-1.wasabisys.com/soilspectroscopy/ossl_models/log..oc_usda.calc_wpct/ap.mir_mlr..eml_kssl_ll_v1.rds.png,0.966,0.156,32110,/ossl_models/pca.ossl/mpca_mir_kssl_plot.rds,http://s3.us-east-1.wasabisys.com/soilspectroscopy/ossl_models/log..oc_usda.calc_wpct/mir_mlr..eml_kssl_ll_v1.rds,,http://s3.us-east-1.wasabisys.com/soilspectroscopy/ossl_models/pca.ossl/mpca_mir_kssl_v1.rds
log..oc_usda.calc_wpct,Soil organic carbon content in wpct,https://soilspectroscopy.github.io/ossl-manual/database.html#oc_usda.calc_wpct,visnir,ossl,na,visnir_mlr..eml_ossl_na_v1.rds,/soilspectroscopy/ossl_models/log..oc_usda.calc_wpct/,http://s3.us-east-1.wasabisys.com/soilspectroscopy/ossl_models/log..oc_usda.calc_wpct/visnir_mlr..eml_ossl_na_v1_resultsFit.txt,Ensemble ML model to predict Soil organic carbon content in wpct using ossl data,,mpca_visnir_ossl_v1.rds,/soilspectroscopy/ossl_models/pca.ossl/,http://s3.us-east-1.wasabisys.com/soilspectroscopy/ossl_models/log..oc_usda.calc_wpct/ap.visnir_mlr..eml_ossl_na_v1.rds.png,0.894,0.345,33301,/ossl_models/pca.ossl/mpca_visnir_ossl_plot.rds,http://s3.us-east-1.wasabisys.com/soilspectroscopy/ossl_models/log..oc_usda.calc_wpct/visnir_mlr..eml_ossl_na_v1.rds,,http://s3.us-east-1.wasabisys.com/soilspectroscopy/ossl_models/pca.ossl/
log..oc_usda.calc_wpct,Soil organic carbon content in wpct,https://soilspectroscopy.github.io/ossl-manual/database.html#oc_usda.calc_wpct,mir,ossl,ll,mir_mlr..eml_ossl_ll_v1.rds,/soilspectroscopy/ossl_models/log..oc_usda.calc_wpct/,http://s3.us-east-1.wasabisys.com/soilspectroscopy/ossl_models/log..oc_usda.calc_wpct/mir_mlr..eml_ossl_ll_v1_resultsFit.txt,Ensemble ML model to predict Soil organic carbon content in wpct using ossl data,mpca_mir_ossl_v1.rds,,/soilspectroscopy/ossl_models/pca.ossl/,http://s3.us-east-1.wasabisys.com/soilspectroscopy/ossl_models/log..oc_usda.calc_wpct/ap.mir_mlr..eml_ossl_ll_v1.rds.png,0.967,0.151,36021,/ossl_models/pca.ossl/mpca_mir_ossl_plot.rds,http://s3.us-east-1.wasabisys.com/soilspectroscopy/ossl_models/log..oc_usda.calc_wpct/mir_mlr..eml_ossl_ll_v1.rds,,http://s3.us-east-1.wasabisys.com/soilspectroscopy/ossl_models/pca.ossl/mpca_mir_ossl_v1.rds
log..oc_usda.calc_wpct,Soil organic carbon content in wpct,https://soilspectroscopy.github.io/ossl-manual/database.html#oc_usda.calc_wpct,visnir.mir,ossl,ll,visnir.mir_mlr..eml_ossl_ll_v1.rds,/soilspectroscopy/ossl_models/log..oc_usda.calc_wpct/,http://s3.us-east-1.wasabisys.com/soilspectroscopy/ossl_models/log..oc_usda.calc_wpct/visnir.mir_mlr..eml_ossl_ll_v1_resultsFit.txt,Ensemble ML model to predict Soil organic carbon content in wpct using ossl data,mpca_mir_ossl_v1.rds,mpca_visnir_ossl_v1.rds,/soilspectroscopy/ossl_models/pca.ossl/,http://s3.us-east-1.wasabisys.com/soilspectroscopy/ossl_models/log..oc_usda.calc_wpct/ap.visnir.mir_mlr..eml_ossl_ll_v1.rds.png,0.948,0.175,17275,/ossl_models/pca.ossl/mpca_mir_visnir_ossl_plot.rds,http://s3.us-east-1.wasabisys.com/soilspectroscopy/ossl_models/log..oc_usda.calc_wpct/visnir.mir_mlr..eml_ossl_ll_v1.rds,,http://s3.us-east-1.wasabisys.com/soilspectroscopy/ossl_models/pca.ossl/mpca_mir_ossl_v1.rds
log..n.tot_usda.4h2_wpct,Total Nitrogen in wpct,https://soilspectroscopy.github.io/ossl-manual/database.html#n.tot_usda.4h2_wpct,mir,kssl,na,mir_mlr..eml_kssl_na_v1.rds,/soilspectroscopy/ossl_models/log..n.tot_usda.4h2_wpct/,http://s3.us-east-1.wasabisys.com/soilspectroscopy/ossl_models/log..n.tot_usda.4h2_wpct/mir_mlr..eml_kssl_na_v1_resultsFit.txt,Ensemble ML model to predict Total Nitrogen in wpct using kssl data,mpca_mir_kssl_v1.rds,,/soilspectroscopy/ossl_models/pca.ossl/,http://s3.us-east-1.wasabisys.com/soilspectroscopy/ossl_models/log..n.tot_usda.4h2_wpct/ap.mir_mlr..eml_kssl_na_v1.rds.png,0.954,0.059,72938,/ossl_models/pca.ossl/mpca_mir_kssl_plot.rds,http://s3.us-east-1.wasabisys.com/soilspectroscopy/ossl_models/log..n.tot_usda.4h2_wpct/mir_mlr..eml_kssl_na_v1.rds,,http://s3.us-east-1.wasabisys.com/soilspectroscopy/ossl_models/pca.ossl/mpca_mir_kssl_v1.rds
log..n.tot_usda.4h2_wpct,Total Nitrogen in wpct,https://soilspectroscopy.github.io/ossl-manual/database.html#n.tot_usda.4h2_wpct,mir,kssl,ll,mir_mlr..eml_kssl_ll_v1.rds,/soilspectroscopy/ossl_models/log..n.tot_usda.4h2_wpct/,http://s3.us-east-1.wasabisys.com/soilspectroscopy/ossl_models/log..n.tot_usda.4h2_wpct/mir_mlr..eml_kssl_ll_v1_resultsFit.txt,Ensemble ML model to predict Total Nitrogen in wpct using kssl data,mpca_mir_kssl_v1.rds,,/soilspectroscopy/ossl_models/pca.ossl/,http://s3.us-east-1.wasabisys.com/soilspectroscopy/ossl_models/log..n.tot_usda.4h2_wpct/ap.mir_mlr..eml_kssl_ll_v1.rds.png,0.945,0.050,32584,/ossl_models/pca.ossl/mpca_mir_kssl_plot.rds,http://s3.us-east-1.wasabisys.com/soilspectroscopy/ossl_models/log..n.tot_usda.4h2_wpct/mir_mlr..eml_kssl_ll_v1.rds,,http://s3.us-east-1.wasabisys.com/soilspectroscopy/ossl_models/pca.ossl/mpca_mir_kssl_v1.rds
log..n.tot_usda.4h2_wpct,Total Nitrogen in wpct,https://soilspectroscopy.github.io/ossl-manual/database.html#n.tot_usda.4h2_wpct,visnir,ossl,na,visnir_mlr..eml_ossl_na_v1.rds,/soilspectroscopy/ossl_models/log..n.tot_usda.4h2_wpct/,http://s3.us-east-1.wasabisys.com/soilspectroscopy/ossl_models/log..n.tot_usda.4h2_wpct/visnir_mlr..eml_ossl_na_v1_resultsFit.txt,Ensemble ML model to predict Total Nitrogen in wpct using ossl data,,mpca_visnir_ossl_v1.rds,/soilspectroscopy/ossl_models/pca.ossl/,http://s3.us-east-1.wasabisys.com/soilspectroscopy/ossl_models/log..n.tot_usda.4h2_wpct/ap.visnir_mlr..eml_ossl_na_v1.rds.png,0.835,0.118,33660,/ossl_models/pca.ossl/mpca_visnir_ossl_plot.rds,http://s3.us-east-1.wasabisys.com/soilspectroscopy/ossl_models/log..n.tot_usda.4h2_wpct/visnir_mlr..eml_ossl_na_v1.rds,,http://s3.us-east-1.wasabisys.com/soilspectroscopy/ossl_models/pca.ossl/
log..n.tot_usda.4h2_wpct,Total Nitrogen in wpct,https://soilspectroscopy.github.io/ossl-manual/database.html#n.tot_usda.4h2_wpct,mir,ossl,ll,mir_mlr..eml_ossl_ll_v1.rds,/soilspectroscopy/ossl_models/log..n.tot_usda.4h2_wpct/,http://s3.us-east-1.wasabisys.com/soilspectroscopy/ossl_models/log..n.tot_usda.4h2_wpct/mir_mlr..eml_ossl_ll_v1_resultsFit.txt,Ensemble ML model to predict Total Nitrogen in wpct using ossl data,mpca_mir_ossl_v1.rds,,/soilspectroscopy/ossl_models/pca.ossl/,http://s3.us-east-1.wasabisys.com/soilspectroscopy/ossl_models/log..n.tot_usda.4h2_wpct/ap.mir_mlr..eml_ossl_ll_v1.rds.png,0.934,0.052,37248,/ossl_models/pca.ossl/mpca_mir_ossl_plot.rds,http://s3.us-east-1.wasabisys.com/soilspectroscopy/ossl_models/log..n.tot_usda.4h2_wpct/mir_mlr..eml_ossl_ll_v1.rds,,http://s3.us-east-1.wasabisys.com/soilspectroscopy/ossl_models/pca.ossl/mpca_mir_ossl_v1.rds
log..n.tot_usda.4h2_wpct,Total Nitrogen in wpct,https://soilspectroscopy.github.io/ossl-manual/database.html#n.tot_usda.4h2_wpct,visnir.mir,ossl,ll,visnir.mir_mlr..eml_ossl_ll_v1.rds,/soilspectroscopy/ossl_models/log..n.tot_usda.4h2_wpct/,http://s3.us-east-1.wasabisys.com/soilspectroscopy/ossl_models/log..n.tot_usda.4h2_wpct/visnir.mir_mlr..eml_ossl_ll_v1_resultsFit.txt,Ensemble ML model to predict Total Nitrogen in wpct using ossl data,mpca_mir_ossl_v1.rds,mpca_visnir_ossl_v1.rds,/soilspectroscopy/ossl_models/pca.ossl/,http://s3.us-east-1.wasabisys.com/soilspectroscopy/ossl_models/log..n.tot_usda.4h2_wpct/ap.visnir.mir_mlr..eml_ossl_ll_v1.rds.png,0.922,0.054,16687,/ossl_models/pca.ossl/mpca_mir_visnir_ossl_plot.rds,http://s3.us-east-1.wasabisys.com/soilspectroscopy/ossl_models/log..n.tot_usda.4h2_wpct/visnir.mir_mlr..eml_ossl_ll_v1.rds,,http://s3.us-east-1.wasabisys.com/soilspectroscopy/ossl_models/pca.ossl/mpca_mir_ossl_v1.rds
silt.tot_usda.3a1_wpct,Total silt (USDA system) content in wpct,https://soilspectroscopy.github.io/ossl-manual/database.html#silt.tot_usda.3a1_wpct,mir,kssl,na,mir_mlr..eml_kssl_na_v1.rds,/soilspectroscopy/ossl_models/silt.tot_usda.3a1_wpct/,http://s3.us-east-1.wasabisys.com/soilspectroscopy/ossl_models/silt.tot_usda.3a1_wpct/mir_mlr..eml_kssl_na_v1_resultsFit.txt,Ensemble ML model to predict Total silt (USDA system) content in wpct using kssl data,mpca_mir_kssl_v1.rds,,/soilspectroscopy/ossl_models/pca.ossl/,http://s3.us-east-1.wasabisys.com/soilspectroscopy/ossl_models/silt.tot_usda.3a1_wpct/ap.mir_mlr..eml_kssl_na_v1.rds.png,0.825,8.5,50720,/ossl_models/pca.ossl/mpca_mir_kssl_plot.rds,http://s3.us-east-1.wasabisys.com/soilspectroscopy/ossl_models/silt.tot_usda.3a1_wpct/mir_mlr..eml_kssl_na_v1.rds,,http://s3.us-east-1.wasabisys.com/soilspectroscopy/ossl_models/pca.ossl/mpca_mir_kssl_v1.rds
silt.tot_usda.3a1_wpct,Total silt (USDA system) content in wpct,https://soilspectroscopy.github.io/ossl-manual/database.html#silt.tot_usda.3a1_wpct,mir,kssl,ll,mir_mlr..eml_kssl_ll_v1.rds,/soilspectroscopy/ossl_models/silt.tot_usda.3a1_wpct/,http://s3.us-east-1.wasabisys.com/soilspectroscopy/ossl_models/silt.tot_usda.3a1_wpct/mir_mlr..eml_kssl_ll_v1_resultsFit.txt,Ensemble ML model to predict Total silt (USDA system) content in wpct using kssl data,mpca_mir_kssl_v1.rds,,/soilspectroscopy/ossl_models/pca.ossl/,http://s3.us-east-1.wasabisys.com/soilspectroscopy/ossl_models/silt.tot_usda.3a1_wpct/ap.mir_mlr..eml_kssl_ll_v1.rds.png,0.783,8.9,30585,/ossl_models/pca.ossl/mpca_mir_kssl_plot.rds,http://s3.us-east-1.wasabisys.com/soilspectroscopy/ossl_models/silt.tot_usda.3a1_wpct/mir_mlr..eml_kssl_ll_v1.rds,,http://s3.us-east-1.wasabisys.com/soilspectroscopy/ossl_models/pca.ossl/mpca_mir_kssl_v1.rds
silt.tot_usda.3a1_wpct,Total silt (USDA system) content in wpct,https://soilspectroscopy.github.io/ossl-manual/database.html#silt.tot_usda.3a1_wpct,visnir,ossl,na,visnir_mlr..eml_ossl_na_v1.rds,/soilspectroscopy/ossl_models/silt.tot_usda.3a1_wpct/,http://s3.us-east-1.wasabisys.com/soilspectroscopy/ossl_models/silt.tot_usda.3a1_wpct/visnir_mlr..eml_ossl_na_v1_resultsFit.txt,Ensemble ML model to predict Total silt (USDA system) content in wpct using ossl data,,mpca_visnir_ossl_v1.rds,/soilspectroscopy/ossl_models/pca.ossl/,http://s3.us-east-1.wasabisys.com/soilspectroscopy/ossl_models/silt.tot_usda.3a1_wpct/ap.visnir_mlr..eml_ossl_na_v1.rds.png,0.465,15.2,20985,/ossl_models/pca.ossl/mpca_visnir_ossl_plot.rds,http://s3.us-east-1.wasabisys.com/soilspectroscopy/ossl_models/silt.tot_usda.3a1_wpct/visnir_mlr..eml_ossl_na_v1.rds,,http://s3.us-east-1.wasabisys.com/soilspectroscopy/ossl_models/pca.ossl/
silt.tot_usda.3a1_wpct,Total silt (USDA system) content in wpct,https://soilspectroscopy.github.io/ossl-manual/database.html#silt.tot_usda.3a1_wpct,mir,ossl,ll,mir_mlr..eml_ossl_ll_v1.rds,/soilspectroscopy/ossl_models/silt.tot_usda.3a1_wpct/,http://s3.us-east-1.wasabisys.com/soilspectroscopy/ossl_models/silt.tot_usda.3a1_wpct/mir_mlr..eml_ossl_ll_v1_resultsFit.txt,Ensemble ML model to predict Total silt (USDA system) content in wpct using ossl data,mpca_mir_ossl_v1.rds,,/soilspectroscopy/ossl_models/pca.ossl/,http://s3.us-east-1.wasabisys.com/soilspectroscopy/ossl_models/silt.tot_usda.3a1_wpct/ap.mir_mlr..eml_ossl_ll_v1.rds.png,0.766,9.4,34607,/ossl_models/pca.ossl/mpca_mir_ossl_plot.rds,http://s3.us-east-1.wasabisys.com/soilspectroscopy/ossl_models/silt.tot_usda.3a1_wpct/mir_mlr..eml_ossl_ll_v1.rds,,http://s3.us-east-1.wasabisys.com/soilspectroscopy/ossl_models/pca.ossl/mpca_mir_ossl_v1.rds
silt.tot_usda.3a1_wpct,Total silt (USDA system) content in wpct,https://soilspectroscopy.github.io/ossl-manual/database.html#silt.tot_usda.3a1_wpct,visnir.mir,ossl,ll,visnir.mir_mlr..eml_ossl_ll_v1.rds,/soilspectroscopy/ossl_models/silt.tot_usda.3a1_wpct/,http://s3.us-east-1.wasabisys.com/soilspectroscopy/ossl_models/silt.tot_usda.3a1_wpct/visnir.mir_mlr..eml_ossl_ll_v1_resultsFit.txt,Ensemble ML model to predict Total silt (USDA system) content in wpct using ossl data,mpca_mir_ossl_v1.rds,mpca_visnir_ossl_v1.rds,/soilspectroscopy/ossl_models/pca.ossl/,http://s3.us-east-1.wasabisys.com/soilspectroscopy/ossl_models/silt.tot_usda.3a1_wpct/ap.visnir.mir_mlr..eml_ossl_ll_v1.rds.png,0.777,9.1,16878,/ossl_models/pca.ossl/mpca_mir_visnir_ossl_plot.rds,http://s3.us-east-1.wasabisys.com/soilspectroscopy/ossl_models/silt.tot_usda.3a1_wpct/visnir.mir_mlr..eml_ossl_ll_v1.rds,,http://s3.us-east-1.wasabisys.com/soilspectroscopy/ossl_models/pca.ossl/mpca_mir_ossl_v1.rds
clay.tot_usda.3a1_wpct,Total clay (USDA system) content in wpct,https://soilspectroscopy.github.io/ossl-manual/database.html#clay.tot_usda.3a1_wpct,mir,kssl,na,mir_mlr..eml_kssl_na_v1.rds,/soilspectroscopy/ossl_models/clay.tot_usda.3a1_wpct/,http://s3.us-east-1.wasabisys.com/soilspectroscopy/ossl_models/clay.tot_usda.3a1_wpct/mir_mlr..eml_kssl_na_v1_resultsFit.txt,Ensemble ML model to predict Total clay (USDA system) content in wpct using kssl data,mpca_mir_kssl_v1.rds,,/soilspectroscopy/ossl_models/pca.ossl/,http://s3.us-east-1.wasabisys.com/soilspectroscopy/ossl_models/clay.tot_usda.3a1_wpct/ap.mir_mlr..eml_kssl_na_v1.rds.png,0.906,5.0,50711,/ossl_models/pca.ossl/mpca_mir_kssl_plot.rds,http://s3.us-east-1.wasabisys.com/soilspectroscopy/ossl_models/clay.tot_usda.3a1_wpct/mir_mlr..eml_kssl_na_v1.rds,,http://s3.us-east-1.wasabisys.com/soilspectroscopy/ossl_models/pca.ossl/mpca_mir_kssl_v1.rds
clay.tot_usda.3a1_wpct,Total clay (USDA system) content in wpct,https://soilspectroscopy.github.io/ossl-manual/database.html#clay.tot_usda.3a1_wpct,mir,kssl,ll,mir_mlr..eml_kssl_ll_v1.rds,/soilspectroscopy/ossl_models/clay.tot_usda.3a1_wpct/,http://s3.us-east-1.wasabisys.com/soilspectroscopy/ossl_models/clay.tot_usda.3a1_wpct/mir_mlr..eml_kssl_ll_v1_resultsFit.txt,Ensemble ML model to predict Total clay (USDA system) content in wpct using kssl data,mpca_mir_kssl_v1.rds,,/soilspectroscopy/ossl_models/pca.ossl/,http://s3.us-east-1.wasabisys.com/soilspectroscopy/ossl_models/clay.tot_usda.3a1_wpct/ap.mir_mlr..eml_kssl_ll_v1.rds.png,0.883,5.5,30580,/ossl_models/pca.ossl/mpca_mir_kssl_plot.rds,http://s3.us-east-1.wasabisys.com/soilspectroscopy/ossl_models/clay.tot_usda.3a1_wpct/mir_mlr..eml_kssl_ll_v1.rds,,http://s3.us-east-1.wasabisys.com/soilspectroscopy/ossl_models/pca.ossl/mpca_mir_kssl_v1.rds
clay.tot_usda.3a1_wpct,Total clay (USDA system) content in wpct,https://soilspectroscopy.github.io/ossl-manual/database.html#clay.tot_usda.3a1_wpct,visnir,ossl,na,visnir_mlr..eml_ossl_na_v1.rds,/soilspectroscopy/ossl_models/clay.tot_usda.3a1_wpct/,http://s3.us-east-1.wasabisys.com/soilspectroscopy/ossl_models/clay.tot_usda.3a1_wpct/visnir_mlr..eml_ossl_na_v1_resultsFit.txt,Ensemble ML model to predict Total clay (USDA system) content in wpct using ossl data,,mpca_visnir_ossl_v1.rds,/soilspectroscopy/ossl_models/pca.ossl/,http://s3.us-east-1.wasabisys.com/soilspectroscopy/ossl_models/clay.tot_usda.3a1_wpct/ap.visnir_mlr..eml_ossl_na_v1.rds.png,0.641,9.9,20990,/ossl_models/pca.ossl/mpca_visnir_ossl_plot.rds,http://s3.us-east-1.wasabisys.com/soilspectroscopy/ossl_models/clay.tot_usda.3a1_wpct/visnir_mlr..eml_ossl_na_v1.rds,,http://s3.us-east-1.wasabisys.com/soilspectroscopy/ossl_models/pca.ossl/
clay.tot_usda.3a1_wpct,Total clay (USDA system) content in wpct,https://soilspectroscopy.github.io/ossl-manual/database.html#clay.tot_usda.3a1_wpct,mir,ossl,ll,mir_mlr..eml_ossl_ll_v1.rds,/soilspectroscopy/ossl_models/clay.tot_usda.3a1_wpct/,http://s3.us-east-1.wasabisys.com/soilspectroscopy/ossl_models/clay.tot_usda.3a1_wpct/mir_mlr..eml_ossl_ll_v1_resultsFit.txt,Ensemble ML model to predict Total clay (USDA system) content in wpct using ossl data,mpca_mir_ossl_v1.rds,,/soilspectroscopy/ossl_models/pca.ossl/,http://s3.us-east-1.wasabisys.com/soilspectroscopy/ossl_models/clay.tot_usda.3a1_wpct/ap.mir_mlr..eml_ossl_ll_v1.rds.png,0.856,6.5,34644,/ossl_models/pca.ossl/mpca_mir_ossl_plot.rds,http://s3.us-east-1.wasabisys.com/soilspectroscopy/ossl_models/clay.tot_usda.3a1_wpct/mir_mlr..eml_ossl_ll_v1.rds,,http://s3.us-east-1.wasabisys.com/soilspectroscopy/ossl_models/pca.ossl/mpca_mir_ossl_v1.rds
clay.tot_usda.3a1_wpct,Total clay (USDA system) content in wpct,https://soilspectroscopy.github.io/ossl-manual/database.html#clay.tot_usda.3a1_wpct,visnir.mir,ossl,ll,visnir.mir_mlr..eml_ossl_ll_v1.rds,/soilspectroscopy/ossl_models/clay.tot_usda.3a1_wpct/,http://s3.us-east-1.wasabisys.com/soilspectroscopy/ossl_models/clay.tot_usda.3a1_wpct/visnir.mir_mlr..eml_ossl_ll_v1_resultsFit.txt,Ensemble ML model to predict Total clay (USDA system) content in wpct using ossl data,mpca_mir_ossl_v1.rds,mpca_visnir_ossl_v1.rds,/soilspectroscopy/ossl_models/pca.ossl/,http://s3.us-east-1.wasabisys.com/soilspectroscopy/ossl_models/clay.tot_usda.3a1_wpct/ap.visnir.mir_mlr..eml_ossl_ll_v1.rds.png,0.851,6.8,16867,/ossl_models/pca.ossl/mpca_mir_visnir_ossl_plot.rds,http://s3.us-east-1.wasabisys.com/soilspectroscopy/ossl_models/clay.tot_usda.3a1_wpct/visnir.mir_mlr..eml_ossl_ll_v1.rds,,http://s3.us-east-1.wasabisys.com/soilspectroscopy/ossl_models/pca.ossl/mpca_mir_ossl_v1.rds
sand.tot_usda.3a1_wpct,Total sand (USDA system) content in wpct,https://soilspectroscopy.github.io/ossl-manual/database.html#sand.tot_usda.3a1_wpct,mir,kssl,na,mir_mlr..eml_kssl_na_v1.rds,/soilspectroscopy/ossl_models/sand.tot_usda.3a1_wpct/,http://s3.us-east-1.wasabisys.com/soilspectroscopy/ossl_models/sand.tot_usda.3a1_wpct/mir_mlr..eml_kssl_na_v1_resultsFit.txt,Ensemble ML model to predict Total sand (USDA system) content in wpct using kssl data,mpca_mir_kssl_v1.rds,,/soilspectroscopy/ossl_models/pca.ossl/,http://s3.us-east-1.wasabisys.com/soilspectroscopy/ossl_models/sand.tot_usda.3a1_wpct/ap.mir_mlr..eml_kssl_na_v1.rds.png,0.895,9.410,50719,/ossl_models/pca.ossl/mpca_mir_kssl_plot.rds,http://s3.us-east-1.wasabisys.com/soilspectroscopy/ossl_models/sand.tot_usda.3a1_wpct/mir_mlr..eml_kssl_na_v1.rds,,http://s3.us-east-1.wasabisys.com/soilspectroscopy/ossl_models/pca.ossl/mpca_mir_kssl_v1.rds
sand.tot_usda.3a1_wpct,Total sand (USDA system) content in wpct,https://soilspectroscopy.github.io/ossl-manual/database.html#sand.tot_usda.3a1_wpct,mir,kssl,ll,mir_mlr..eml_kssl_ll_v1.rds,/soilspectroscopy/ossl_models/sand.tot_usda.3a1_wpct/,http://s3.us-east-1.wasabisys.com/soilspectroscopy/ossl_models/sand.tot_usda.3a1_wpct/mir_mlr..eml_kssl_ll_v1_resultsFit.txt,Ensemble ML model to predict Total sand (USDA system) content in wpct using kssl data,mpca_mir_kssl_v1.rds,,/soilspectroscopy/ossl_models/pca.ossl/,http://s3.us-east-1.wasabisys.com/soilspectroscopy/ossl_models/sand.tot_usda.3a1_wpct/ap.mir_mlr..eml_kssl_ll_v1.rds.png,0.863,10.300,30584,/ossl_models/pca.ossl/mpca_mir_kssl_plot.rds,http://s3.us-east-1.wasabisys.com/soilspectroscopy/ossl_models/sand.tot_usda.3a1_wpct/mir_mlr..eml_kssl_ll_v1.rds,,http://s3.us-east-1.wasabisys.com/soilspectroscopy/ossl_models/pca.ossl/mpca_mir_kssl_v1.rds
sand.tot_usda.3a1_wpct,Total sand (USDA system) content in wpct,https://soilspectroscopy.github.io/ossl-manual/database.html#sand.tot_usda.3a1_wpct,visnir,ossl,na,visnir_mlr..eml_ossl_na_v1.rds,/soilspectroscopy/ossl_models/sand.tot_usda.3a1_wpct/,http://s3.us-east-1.wasabisys.com/soilspectroscopy/ossl_models/sand.tot_usda.3a1_wpct/visnir_mlr..eml_ossl_na_v1_resultsFit.txt,Ensemble ML model to predict Total sand (USDA system) content in wpct using ossl data,,mpca_visnir_ossl_v1.rds,/soilspectroscopy/ossl_models/pca.ossl/,http://s3.us-east-1.wasabisys.com/soilspectroscopy/ossl_models/sand.tot_usda.3a1_wpct/ap.visnir_mlr..eml_ossl_na_v1.rds.png,0.524,20.500,20985,/ossl_models/pca.ossl/mpca_visnir_ossl_plot.rds,http://s3.us-east-1.wasabisys.com/soilspectroscopy/ossl_models/sand.tot_usda.3a1_wpct/visnir_mlr..eml_ossl_na_v1.rds,,http://s3.us-east-1.wasabisys.com/soilspectroscopy/ossl_models/pca.ossl/
sand.tot_usda.3a1_wpct,Total sand (USDA system) content in wpct,https://soilspectroscopy.github.io/ossl-manual/database.html#sand.tot_usda.3a1_wpct,mir,ossl,ll,mir_mlr..eml_ossl_ll_v1.rds,/soilspectroscopy/ossl_models/sand.tot_usda.3a1_wpct/,http://s3.us-east-1.wasabisys.com/soilspectroscopy/ossl_models/sand.tot_usda.3a1_wpct/mir_mlr..eml_ossl_ll_v1_resultsFit.txt,Ensemble ML model to predict Total sand (USDA system) content in wpct using ossl data,mpca_mir_ossl_v1.rds,,/soilspectroscopy/ossl_models/pca.ossl/,http://s3.us-east-1.wasabisys.com/soilspectroscopy/ossl_models/sand.tot_usda.3a1_wpct/ap.mir_mlr..eml_ossl_ll_v1.rds.png,0.855,10.600,34549,/ossl_models/pca.ossl/mpca_mir_ossl_plot.rds,http://s3.us-east-1.wasabisys.com/soilspectroscopy/ossl_models/sand.tot_usda.3a1_wpct/mir_mlr..eml_ossl_ll_v1.rds,,http://s3.us-east-1.wasabisys.com/soilspectroscopy/ossl_models/pca.ossl/mpca_mir_ossl_v1.rds
sand.tot_usda.3a1_wpct,Total sand (USDA system) content in wpct,https://soilspectroscopy.github.io/ossl-manual/database.html#sand.tot_usda.3a1_wpct,visnir.mir,ossl,ll,visnir.mir_mlr..eml_ossl_ll_v1.rds,/soilspectroscopy/ossl_models/sand.tot_usda.3a1_wpct/,http://s3.us-east-1.wasabisys.com/soilspectroscopy/ossl_models/sand.tot_usda.3a1_wpct/visnir.mir_mlr..eml_ossl_ll_v1_resultsFit.txt,Ensemble ML model to predict Total sand (USDA system) content in wpct using ossl data,mpca_mir_ossl_v1.rds,mpca_visnir_ossl_v1.rds,/soilspectroscopy/ossl_models/pca.ossl/,http://s3.us-east-1.wasabisys.com/soilspectroscopy/ossl_models/sand.tot_usda.3a1_wpct/ap.visnir.mir_mlr..eml_ossl_ll_v1.rds.png,0.86,10.500,16821,/ossl_models/pca.ossl/mpca_mir_visnir_ossl_plot.rds,http://s3.us-east-1.wasabisys.com/soilspectroscopy/ossl_models/sand.tot_usda.3a1_wpct/visnir.mir_mlr..eml_ossl_ll_v1.rds,,http://s3.us-east-1.wasabisys.com/soilspectroscopy/ossl_models/pca.ossl/mpca_mir_ossl_v1.rds
log..ecec_usda.4b4_cmolkg,Effective Effective Cation Exchange Capacity in cmol/kg,https://soilspectroscopy.github.io/ossl-manual/database.html#ecec_usda.4b4_cmolkg,mir,kssl,na,mir_mlr..eml_kssl_na_v1.rds,/soilspectroscopy/ossl_models/log..ecec_usda.4b4_cmolkg/,http://s3.us-east-1.wasabisys.com/soilspectroscopy/ossl_models/log..ecec_usda.4b4_cmolkg/mir_mlr..eml_kssl_na_v1_resultsFit.txt,Ensemble ML model to predict Effective Effective Cation Exchange Capacity in cmol/kg using kssl data,mpca_mir_kssl_v1.rds,,/soilspectroscopy/ossl_models/pca.ossl/,http://s3.us-east-1.wasabisys.com/soilspectroscopy/ossl_models/log..ecec_usda.4b4_cmolkg/ap.mir_mlr..eml_kssl_na_v1.rds.png,0.847,0.334,10687,/ossl_models/pca.ossl/mpca_mir_kssl_plot.rds,http://s3.us-east-1.wasabisys.com/soilspectroscopy/ossl_models/log..ecec_usda.4b4_cmolkg/mir_mlr..eml_kssl_na_v1.rds,,http://s3.us-east-1.wasabisys.com/soilspectroscopy/ossl_models/pca.ossl/mpca_mir_kssl_v1.rds
log..ecec_usda.4b4_cmolkg,Effective Effective Cation Exchange Capacity in cmol/kg,https://soilspectroscopy.github.io/ossl-manual/database.html#ecec_usda.4b4_cmolkg,mir,kssl,ll,mir_mlr..eml_kssl_ll_v1.rds,/soilspectroscopy/ossl_models/log..ecec_usda.4b4_cmolkg/,http://s3.us-east-1.wasabisys.com/soilspectroscopy/ossl_models/log..ecec_usda.4b4_cmolkg/mir_mlr..eml_kssl_ll_v1_resultsFit.txt,Ensemble ML model to predict Effective Effective Cation Exchange Capacity in cmol/kg using kssl data,mpca_mir_kssl_v1.rds,,/soilspectroscopy/ossl_models/pca.ossl/,http://s3.us-east-1.wasabisys.com/soilspectroscopy/ossl_models/log..ecec_usda.4b4_cmolkg/ap.mir_mlr..eml_kssl_ll_v1.rds.png,0.85,0.322,7793,/ossl_models/pca.ossl/mpca_mir_kssl_plot.rds,http://s3.us-east-1.wasabisys.com/soilspectroscopy/ossl_models/log..ecec_usda.4b4_cmolkg/mir_mlr..eml_kssl_ll_v1.rds,,http://s3.us-east-1.wasabisys.com/soilspectroscopy/ossl_models/pca.ossl/mpca_mir_kssl_v1.rds
log..ecec_usda.4b4_cmolkg,Effective Effective Cation Exchange Capacity in cmol/kg,https://soilspectroscopy.github.io/ossl-manual/database.html#ecec_usda.4b4_cmolkg,visnir,ossl,na,visnir_mlr..eml_ossl_na_v1.rds,/soilspectroscopy/ossl_models/log..ecec_usda.4b4_cmolkg/,http://s3.us-east-1.wasabisys.com/soilspectroscopy/ossl_models/log..ecec_usda.4b4_cmolkg/visnir_mlr..eml_ossl_na_v1_resultsFit.txt,Ensemble ML model to predict Effective Effective Cation Exchange Capacity in cmol/kg using ossl data,,mpca_visnir_ossl_v1.rds,/soilspectroscopy/ossl_models/pca.ossl/,http://s3.us-east-1.wasabisys.com/soilspectroscopy/ossl_models/log..ecec_usda.4b4_cmolkg/ap.visnir_mlr..eml_ossl_na_v1.rds.png,0.553,0.572,4014,/ossl_models/pca.ossl/mpca_visnir_ossl_plot.rds,http://s3.us-east-1.wasabisys.com/soilspectroscopy/ossl_models/log..ecec_usda.4b4_cmolkg/visnir_mlr..eml_ossl_na_v1.rds,,http://s3.us-east-1.wasabisys.com/soilspectroscopy/ossl_models/pca.ossl/
log..ecec_usda.4b4_cmolkg,Effective Effective Cation Exchange Capacity in cmol/kg,https://soilspectroscopy.github.io/ossl-manual/database.html#ecec_usda.4b4_cmolkg,mir,ossl,ll,mir_mlr..eml_ossl_ll_v1.rds,/soilspectroscopy/ossl_models/log..ecec_usda.4b4_cmolkg/,http://s3.us-east-1.wasabisys.com/soilspectroscopy/ossl_models/log..ecec_usda.4b4_cmolkg/mir_mlr..eml_ossl_ll_v1_resultsFit.txt,Ensemble ML model to predict Effective Effective Cation Exchange Capacity in cmol/kg using ossl data,mpca_mir_ossl_v1.rds,,/soilspectroscopy/ossl_models/pca.ossl/,http://s3.us-east-1.wasabisys.com/soilspectroscopy/ossl_models/log..ecec_usda.4b4_cmolkg/ap.mir_mlr..eml_ossl_ll_v1.rds.png,0.836,0.382,10962,/ossl_models/pca.ossl/mpca_mir_ossl_plot.rds,http://s3.us-east-1.wasabisys.com/soilspectroscopy/ossl_models/log..ecec_usda.4b4_cmolkg/mir_mlr..eml_ossl_ll_v1.rds,,http://s3.us-east-1.wasabisys.com/soilspectroscopy/ossl_models/pca.ossl/mpca_mir_ossl_v1.rds
log..ecec_usda.4b4_cmolkg,Effective Effective Cation Exchange Capacity in cmol/kg,https://soilspectroscopy.github.io/ossl-manual/database.html#ecec_usda.4b4_cmolkg,visnir.mir,ossl,ll,visnir.mir_mlr..eml_ossl_ll_v1.rds,/soilspectroscopy/ossl_models/log..ecec_usda.4b4_cmolkg/,http://s3.us-east-1.wasabisys.com/soilspectroscopy/ossl_models/log..ecec_usda.4b4_cmolkg/visnir.mir_mlr..eml_ossl_ll_v1_resultsFit.txt,Ensemble ML model to predict Effective Effective Cation Exchange Capacity in cmol/kg using ossl data,mpca_mir_ossl_v1.rds,mpca_visnir_ossl_v1.rds,/soilspectroscopy/ossl_models/pca.ossl/,http://s3.us-east-1.wasabisys.com/soilspectroscopy/ossl_models/log..ecec_usda.4b4_cmolkg/ap.visnir.mir_mlr..eml_ossl_ll_v1.rds.png,0.839,0.411,6125,/ossl_models/pca.ossl/mpca_mir_visnir_ossl_plot.rds,http://s3.us-east-1.wasabisys.com/soilspectroscopy/ossl_models/log..ecec_usda.4b4_cmolkg/visnir.mir_mlr..eml_ossl_ll_v1.rds,,http://s3.us-east-1.wasabisys.com/soilspectroscopy/ossl_models/pca.ossl/mpca_mir_ossl_v1.rds
ph.h2o_usda.4c1_index,Soil pH in 1:1 soil-water suspension,https://soilspectroscopy.github.io/ossl-manual/database.html#ph.h2o_usda.4c1_index,mir,kssl,na,mir_mlr..eml_kssl_na_v1.rds,/soilspectroscopy/ossl_models/ph.h2o_usda.4c1_index/,http://s3.us-east-1.wasabisys.com/soilspectroscopy/ossl_models/ph.h2o_usda.4c1_index/mir_mlr..eml_kssl_na_v1_resultsFit.txt,Ensemble ML model to predict Soil pH in 1:1 soil-water suspension using kssl data,mpca_mir_kssl_v1.rds,,/soilspectroscopy/ossl_models/pca.ossl/,http://s3.us-east-1.wasabisys.com/soilspectroscopy/ossl_models/ph.h2o_usda.4c1_index/ap.mir_mlr..eml_kssl_na_v1.rds.png,0.844,0.523,54153,/ossl_models/pca.ossl/mpca_mir_kssl_plot.rds,http://s3.us-east-1.wasabisys.com/soilspectroscopy/ossl_models/ph.h2o_usda.4c1_index/mir_mlr..eml_kssl_na_v1.rds,,http://s3.us-east-1.wasabisys.com/soilspectroscopy/ossl_models/pca.ossl/mpca_mir_kssl_v1.rds
ph.h2o_usda.4c1_index,Soil pH in 1:1 soil-water suspension,https://soilspectroscopy.github.io/ossl-manual/database.html#ph.h2o_usda.4c1_index,mir,kssl,ll,mir_mlr..eml_kssl_ll_v1.rds,/soilspectroscopy/ossl_models/ph.h2o_usda.4c1_index/,http://s3.us-east-1.wasabisys.com/soilspectroscopy/ossl_models/ph.h2o_usda.4c1_index/mir_mlr..eml_kssl_ll_v1_resultsFit.txt,Ensemble ML model to predict Soil pH in 1:1 soil-water suspension using kssl data,mpca_mir_kssl_v1.rds,,/soilspectroscopy/ossl_models/pca.ossl/,http://s3.us-east-1.wasabisys.com/soilspectroscopy/ossl_models/ph.h2o_usda.4c1_index/ap.mir_mlr..eml_kssl_ll_v1.rds.png,0.842,0.529,31868,/ossl_models/pca.ossl/mpca_mir_kssl_plot.rds,http://s3.us-east-1.wasabisys.com/soilspectroscopy/ossl_models/ph.h2o_usda.4c1_index/mir_mlr..eml_kssl_ll_v1.rds,,http://s3.us-east-1.wasabisys.com/soilspectroscopy/ossl_models/pca.ossl/mpca_mir_kssl_v1.rds
ph.h2o_usda.4c1_index,Soil pH in 1:1 soil-water suspension,https://soilspectroscopy.github.io/ossl-manual/database.html#ph.h2o_usda.4c1_index,visnir,ossl,na,visnir_mlr..eml_ossl_na_v1.rds,/soilspectroscopy/ossl_models/ph.h2o_usda.4c1_index/,http://s3.us-east-1.wasabisys.com/soilspectroscopy/ossl_models/ph.h2o_usda.4c1_index/visnir_mlr..eml_ossl_na_v1_resultsFit.txt,Ensemble ML model to predict Soil pH in 1:1 soil-water suspension using ossl data,,mpca_visnir_ossl_v1.rds,/soilspectroscopy/ossl_models/pca.ossl/,http://s3.us-east-1.wasabisys.com/soilspectroscopy/ossl_models/ph.h2o_usda.4c1_index/ap.visnir_mlr..eml_ossl_na_v1.rds.png,0.62,0.807,22191,/ossl_models/pca.ossl/mpca_visnir_ossl_plot.rds,http://s3.us-east-1.wasabisys.com/soilspectroscopy/ossl_models/ph.h2o_usda.4c1_index/visnir_mlr..eml_ossl_na_v1.rds,,http://s3.us-east-1.wasabisys.com/soilspectroscopy/ossl_models/pca.ossl/
ph.h2o_usda.4c1_index,Soil pH in 1:1 soil-water suspension,https://soilspectroscopy.github.io/ossl-manual/database.html#ph.h2o_usda.4c1_index,mir,ossl,ll,mir_mlr..eml_ossl_ll_v1.rds,/soilspectroscopy/ossl_models/ph.h2o_usda.4c1_index/,http://s3.us-east-1.wasabisys.com/soilspectroscopy/ossl_models/ph.h2o_usda.4c1_index/mir_mlr..eml_ossl_ll_v1_resultsFit.txt,Ensemble ML model to predict Soil pH in 1:1 soil-water suspension using ossl data,mpca_mir_ossl_v1.rds,,/soilspectroscopy/ossl_models/pca.ossl/,http://s3.us-east-1.wasabisys.com/soilspectroscopy/ossl_models/ph.h2o_usda.4c1_index/ap.mir_mlr..eml_ossl_ll_v1.rds.png,0.836,0.541,38172,/ossl_models/pca.ossl/mpca_mir_ossl_plot.rds,http://s3.us-east-1.wasabisys.com/soilspectroscopy/ossl_models/ph.h2o_usda.4c1_index/mir_mlr..eml_ossl_ll_v1.rds,,http://s3.us-east-1.wasabisys.com/soilspectroscopy/ossl_models/pca.ossl/mpca_mir_ossl_v1.rds
ph.h2o_usda.4c1_index,Soil pH in 1:1 soil-water suspension,https://soilspectroscopy.github.io/ossl-manual/database.html#ph.h2o_usda.4c1_index,visnir.mir,ossl,ll,visnir.mir_mlr..eml_ossl_ll_v1.rds,/soilspectroscopy/ossl_models/ph.h2o_usda.4c1_index/,http://s3.us-east-1.wasabisys.com/soilspectroscopy/ossl_models/ph.h2o_usda.4c1_index/visnir.mir_mlr..eml_ossl_ll_v1_resultsFit.txt,Ensemble ML model to predict Soil pH in 1:1 soil-water suspension using ossl data,mpca_mir_ossl_v1.rds,mpca_visnir_ossl_v1.rds,/soilspectroscopy/ossl_models/pca.ossl/,http://s3.us-east-1.wasabisys.com/soilspectroscopy/ossl_models/ph.h2o_usda.4c1_index/ap.visnir.mir_mlr..eml_ossl_ll_v1.rds.png,0.843,0.543,17363,/ossl_models/pca.ossl/mpca_mir_visnir_ossl_plot.rds,http://s3.us-east-1.wasabisys.com/soilspectroscopy/ossl_models/ph.h2o_usda.4c1_index/visnir.mir_mlr..eml_ossl_ll_v1.rds,,http://s3.us-east-1.wasabisys.com/soilspectroscopy/ossl_models/pca.ossl/mpca_mir_ossl_v1.rds
ph.cacl2_usda.4c1_index,Soil pH in CaCl suspension,https://soilspectroscopy.github.io/ossl-manual/database.html#ph.cacl2_usda.4c1_index,mir,kssl,na,mir_mlr..eml_kssl_na_v1.rds,/soilspectroscopy/ossl_models/ph.cacl2_usda.4c1_index/,http://s3.us-east-1.wasabisys.com/soilspectroscopy/ossl_models/ph.cacl2_usda.4c1_index/mir_mlr..eml_kssl_na_v1_resultsFit.txt,Ensemble ML model to predict Soil pH in CaCl suspension using kssl data,mpca_mir_kssl_v1.rds,,/soilspectroscopy/ossl_models/pca.ossl/,http://s3.us-east-1.wasabisys.com/soilspectroscopy/ossl_models/ph.cacl2_usda.4c1_index/ap.mir_mlr..eml_kssl_na_v1.rds.png,0.866,0.513,54119,/ossl_models/pca.ossl/mpca_mir_kssl_plot.rds,http://s3.us-east-1.wasabisys.com/soilspectroscopy/ossl_models/ph.cacl2_usda.4c1_index/mir_mlr..eml_kssl_na_v1.rds,,http://s3.us-east-1.wasabisys.com/soilspectroscopy/ossl_models/pca.ossl/mpca_mir_kssl_v1.rds
ph.cacl2_usda.4c1_index,Soil pH in CaCl suspension,https://soilspectroscopy.github.io/ossl-manual/database.html#ph.cacl2_usda.4c1_index,mir,kssl,ll,mir_mlr..eml_kssl_ll_v1.rds,/soilspectroscopy/ossl_models/ph.cacl2_usda.4c1_index/,http://s3.us-east-1.wasabisys.com/soilspectroscopy/ossl_models/ph.cacl2_usda.4c1_index/mir_mlr..eml_kssl_ll_v1_resultsFit.txt,Ensemble ML model to predict Soil pH in CaCl suspension using kssl data,mpca_mir_kssl_v1.rds,,/soilspectroscopy/ossl_models/pca.ossl/,http://s3.us-east-1.wasabisys.com/soilspectroscopy/ossl_models/ph.cacl2_usda.4c1_index/ap.mir_mlr..eml_kssl_ll_v1.rds.png,0.865,0.521,31835,/ossl_models/pca.ossl/mpca_mir_kssl_plot.rds,http://s3.us-east-1.wasabisys.com/soilspectroscopy/ossl_models/ph.cacl2_usda.4c1_index/mir_mlr..eml_kssl_ll_v1.rds,,http://s3.us-east-1.wasabisys.com/soilspectroscopy/ossl_models/pca.ossl/mpca_mir_kssl_v1.rds
ph.cacl2_usda.4c1_index,Soil pH in CaCl suspension,https://soilspectroscopy.github.io/ossl-manual/database.html#ph.cacl2_usda.4c1_index,visnir,ossl,na,visnir_mlr..eml_ossl_na_v1.rds,/soilspectroscopy/ossl_models/ph.cacl2_usda.4c1_index/,http://s3.us-east-1.wasabisys.com/soilspectroscopy/ossl_models/ph.cacl2_usda.4c1_index/visnir_mlr..eml_ossl_na_v1_resultsFit.txt,Ensemble ML model to predict Soil pH in CaCl suspension using ossl data,,mpca_visnir_ossl_v1.rds,/soilspectroscopy/ossl_models/pca.ossl/,http://s3.us-east-1.wasabisys.com/soilspectroscopy/ossl_models/ph.cacl2_usda.4c1_index/ap.visnir_mlr..eml_ossl_na_v1.rds.png,0.618,0.866,22191,/ossl_models/pca.ossl/mpca_visnir_ossl_plot.rds,http://s3.us-east-1.wasabisys.com/soilspectroscopy/ossl_models/ph.cacl2_usda.4c1_index/visnir_mlr..eml_ossl_na_v1.rds,,http://s3.us-east-1.wasabisys.com/soilspectroscopy/ossl_models/pca.ossl/
ph.cacl2_usda.4c1_index,Soil pH in CaCl suspension,https://soilspectroscopy.github.io/ossl-manual/database.html#ph.cacl2_usda.4c1_index,mir,ossl,ll,mir_mlr..eml_ossl_ll_v1.rds,/soilspectroscopy/ossl_models/ph.cacl2_usda.4c1_index/,http://s3.us-east-1.wasabisys.com/soilspectroscopy/ossl_models/ph.cacl2_usda.4c1_index/mir_mlr..eml_ossl_ll_v1_resultsFit.txt,Ensemble ML model to predict Soil pH in CaCl suspension using ossl data,mpca_mir_ossl_v1.rds,,/soilspectroscopy/ossl_models/pca.ossl/,http://s3.us-east-1.wasabisys.com/soilspectroscopy/ossl_models/ph.cacl2_usda.4c1_index/ap.mir_mlr..eml_ossl_ll_v1.rds.png,0.863,0.526,32160,/ossl_models/pca.ossl/mpca_mir_ossl_plot.rds,http://s3.us-east-1.wasabisys.com/soilspectroscopy/ossl_models/ph.cacl2_usda.4c1_index/mir_mlr..eml_ossl_ll_v1.rds,,http://s3.us-east-1.wasabisys.com/soilspectroscopy/ossl_models/pca.ossl/mpca_mir_ossl_v1.rds
ph.cacl2_usda.4c1_index,Soil pH in CaCl suspension,https://soilspectroscopy.github.io/ossl-manual/database.html#ph.cacl2_usda.4c1_index,visnir.mir,ossl,ll,visnir.mir_mlr..eml_ossl_ll_v1.rds,/soilspectroscopy/ossl_models/ph.cacl2_usda.4c1_index/,http://s3.us-east-1.wasabisys.com/soilspectroscopy/ossl_models/ph.cacl2_usda.4c1_index/visnir.mir_mlr..eml_ossl_ll_v1_resultsFit.txt,Ensemble ML model to predict Soil pH in CaCl suspension using ossl data,mpca_mir_ossl_v1.rds,mpca_visnir_ossl_v1.rds,/soilspectroscopy/ossl_models/pca.ossl/,http://s3.us-east-1.wasabisys.com/soilspectroscopy/ossl_models/ph.cacl2_usda.4c1_index/ap.visnir.mir_mlr..eml_ossl_ll_v1.rds.png,0.87,0.519,14095,/ossl_models/pca.ossl/mpca_mir_visnir_ossl_plot.rds,http://s3.us-east-1.wasabisys.com/soilspectroscopy/ossl_models/ph.cacl2_usda.4c1_index/visnir.mir_mlr..eml_ossl_ll_v1.rds,,http://s3.us-east-1.wasabisys.com/soilspectroscopy/ossl_models/pca.ossl/mpca_mir_ossl_v1.rds
log..al.kcl_usda.4b3_cmolkg,"Aluminum, KCl extractable in cmol/kg",https://soilspectroscopy.github.io/ossl-manual/database.html#al.kcl_usda.4b3_cmolkg,mir,kssl,na,mir_mlr..eml_kssl_na_v1.rds,/soilspectroscopy/ossl_models/log..al.kcl_usda.4b3_cmolkg/,http://s3.us-east-1.wasabisys.com/soilspectroscopy/ossl_models/log..al.kcl_usda.4b3_cmolkg/mir_mlr..eml_kssl_na_v1_resultsFit.txt,"Ensemble ML model to predict Aluminum, KCl extractable in cmol/kg using kssl data",mpca_mir_kssl_v1.rds,,/soilspectroscopy/ossl_models/pca.ossl/,http://s3.us-east-1.wasabisys.com/soilspectroscopy/ossl_models/log..al.kcl_usda.4b3_cmolkg/ap.mir_mlr..eml_kssl_na_v1.rds.png,0.817,0.314,14322,/ossl_models/pca.ossl/mpca_mir_kssl_plot.rds,http://s3.us-east-1.wasabisys.com/soilspectroscopy/ossl_models/log..al.kcl_usda.4b3_cmolkg/mir_mlr..eml_kssl_na_v1.rds,,http://s3.us-east-1.wasabisys.com/soilspectroscopy/ossl_models/pca.ossl/mpca_mir_kssl_v1.rds
log..al.kcl_usda.4b3_cmolkg,"Aluminum, KCl extractable in cmol/kg",https://soilspectroscopy.github.io/ossl-manual/database.html#al.kcl_usda.4b3_cmolkg,mir,kssl,ll,mir_mlr..eml_kssl_ll_v1.rds,/soilspectroscopy/ossl_models/log..al.kcl_usda.4b3_cmolkg/,http://s3.us-east-1.wasabisys.com/soilspectroscopy/ossl_models/log..al.kcl_usda.4b3_cmolkg/mir_mlr..eml_kssl_ll_v1_resultsFit.txt,"Ensemble ML model to predict Aluminum, KCl extractable in cmol/kg using kssl data",mpca_mir_kssl_v1.rds,,/soilspectroscopy/ossl_models/pca.ossl/,http://s3.us-east-1.wasabisys.com/soilspectroscopy/ossl_models/log..al.kcl_usda.4b3_cmolkg/ap.mir_mlr..eml_kssl_ll_v1.rds.png,0.807,0.324,10373,/ossl_models/pca.ossl/mpca_mir_kssl_plot.rds,http://s3.us-east-1.wasabisys.com/soilspectroscopy/ossl_models/log..al.kcl_usda.4b3_cmolkg/mir_mlr..eml_kssl_ll_v1.rds,,http://s3.us-east-1.wasabisys.com/soilspectroscopy/ossl_models/pca.ossl/mpca_mir_kssl_v1.rds
log..al.kcl_usda.4b3_cmolkg,"Aluminum, KCl extractable in cmol/kg",https://soilspectroscopy.github.io/ossl-manual/database.html#al.kcl_usda.4b3_cmolkg,visnir,ossl,na,visnir_mlr..eml_ossl_na_v1.rds,/soilspectroscopy/ossl_models/log..al.kcl_usda.4b3_cmolkg/,http://s3.us-east-1.wasabisys.com/soilspectroscopy/ossl_models/log..al.kcl_usda.4b3_cmolkg/visnir_mlr..eml_ossl_na_v1_resultsFit.txt,"Ensemble ML model to predict Aluminum, KCl extractable in cmol/kg using ossl data",,mpca_visnir_ossl_v1.rds,/soilspectroscopy/ossl_models/pca.ossl/,http://s3.us-east-1.wasabisys.com/soilspectroscopy/ossl_models/log..al.kcl_usda.4b3_cmolkg/ap.visnir_mlr..eml_ossl_na_v1.rds.png,0.426,0.549,5835,/ossl_models/pca.ossl/mpca_visnir_ossl_plot.rds,http://s3.us-east-1.wasabisys.com/soilspectroscopy/ossl_models/log..al.kcl_usda.4b3_cmolkg/visnir_mlr..eml_ossl_na_v1.rds,,http://s3.us-east-1.wasabisys.com/soilspectroscopy/ossl_models/pca.ossl/
log..al.kcl_usda.4b3_cmolkg,"Aluminum, KCl extractable in cmol/kg",https://soilspectroscopy.github.io/ossl-manual/database.html#al.kcl_usda.4b3_cmolkg,mir,ossl,ll,mir_mlr..eml_ossl_ll_v1.rds,/soilspectroscopy/ossl_models/log..al.kcl_usda.4b3_cmolkg/,http://s3.us-east-1.wasabisys.com/soilspectroscopy/ossl_models/log..al.kcl_usda.4b3_cmolkg/mir_mlr..eml_ossl_ll_v1_resultsFit.txt,"Ensemble ML model to predict Aluminum, KCl extractable in cmol/kg using ossl data",mpca_mir_ossl_v1.rds,,/soilspectroscopy/ossl_models/pca.ossl/,http://s3.us-east-1.wasabisys.com/soilspectroscopy/ossl_models/log..al.kcl_usda.4b3_cmolkg/ap.mir_mlr..eml_ossl_ll_v1.rds.png,0.792,0.328,14172,/ossl_models/pca.ossl/mpca_mir_ossl_plot.rds,http://s3.us-east-1.wasabisys.com/soilspectroscopy/ossl_models/log..al.kcl_usda.4b3_cmolkg/mir_mlr..eml_ossl_ll_v1.rds,,http://s3.us-east-1.wasabisys.com/soilspectroscopy/ossl_models/pca.ossl/mpca_mir_ossl_v1.rds
log..al.kcl_usda.4b3_cmolkg,"Aluminum, KCl extractable in cmol/kg",https://soilspectroscopy.github.io/ossl-manual/database.html#al.kcl_usda.4b3_cmolkg,visnir.mir,ossl,ll,visnir.mir_mlr..eml_ossl_ll_v1.rds,/soilspectroscopy/ossl_models/log..al.kcl_usda.4b3_cmolkg/,http://s3.us-east-1.wasabisys.com/soilspectroscopy/ossl_models/log..al.kcl_usda.4b3_cmolkg/visnir.mir_mlr..eml_ossl_ll_v1_resultsFit.txt,"Ensemble ML model to predict Aluminum, KCl extractable in cmol/kg using ossl data",mpca_mir_ossl_v1.rds,mpca_visnir_ossl_v1.rds,/soilspectroscopy/ossl_models/pca.ossl/,http://s3.us-east-1.wasabisys.com/soilspectroscopy/ossl_models/log..al.kcl_usda.4b3_cmolkg/ap.visnir.mir_mlr..eml_ossl_ll_v1.rds.png,0.801,0.328,5593,/ossl_models/pca.ossl/mpca_mir_visnir_ossl_plot.rds,http://s3.us-east-1.wasabisys.com/soilspectroscopy/ossl_models/log..al.kcl_usda.4b3_cmolkg/visnir.mir_mlr..eml_ossl_ll_v1.rds,,http://s3.us-east-1.wasabisys.com/soilspectroscopy/ossl_models/pca.ossl/mpca_mir_ossl_v1.rds
log..k.ext_usda.4b1_cmolkg,"Potassium, NH4OAc Extractable in cmol/kg",https://soilspectroscopy.github.io/ossl-manual/database.html#k.ext_usda.4b1_cmolkg,mir,kssl,na,mir_mlr..eml_kssl_na_v1.rds,/soilspectroscopy/ossl_models/log..k.ext_usda.4b1_cmolkg/,http://s3.us-east-1.wasabisys.com/soilspectroscopy/ossl_models/log..k.ext_usda.4b1_cmolkg/mir_mlr..eml_kssl_na_v1_resultsFit.txt,"Ensemble ML model to predict Potassium, NH4OAc Extractable in cmol/kg using kssl data",mpca_mir_kssl_v1.rds,,/soilspectroscopy/ossl_models/pca.ossl/,http://s3.us-east-1.wasabisys.com/soilspectroscopy/ossl_models/log..k.ext_usda.4b1_cmolkg/ap.mir_mlr..eml_kssl_na_v1.rds.png,0.651,0.226,56532,/ossl_models/pca.ossl/mpca_mir_kssl_plot.rds,http://s3.us-east-1.wasabisys.com/soilspectroscopy/ossl_models/log..k.ext_usda.4b1_cmolkg/mir_mlr..eml_kssl_na_v1.rds,,http://s3.us-east-1.wasabisys.com/soilspectroscopy/ossl_models/pca.ossl/mpca_mir_kssl_v1.rds
log..k.ext_usda.4b1_cmolkg,"Potassium, NH4OAc Extractable in cmol/kg",https://soilspectroscopy.github.io/ossl-manual/database.html#k.ext_usda.4b1_cmolkg,mir,kssl,ll,mir_mlr..eml_kssl_ll_v1.rds,/soilspectroscopy/ossl_models/log..k.ext_usda.4b1_cmolkg/,http://s3.us-east-1.wasabisys.com/soilspectroscopy/ossl_models/log..k.ext_usda.4b1_cmolkg/mir_mlr..eml_kssl_ll_v1_resultsFit.txt,"Ensemble ML model to predict Potassium, NH4OAc Extractable in cmol/kg using kssl data",mpca_mir_kssl_v1.rds,,/soilspectroscopy/ossl_models/pca.ossl/,http://s3.us-east-1.wasabisys.com/soilspectroscopy/ossl_models/log..k.ext_usda.4b1_cmolkg/ap.mir_mlr..eml_kssl_ll_v1.rds.png,0.643,0.195,30275,/ossl_models/pca.ossl/mpca_mir_kssl_plot.rds,http://s3.us-east-1.wasabisys.com/soilspectroscopy/ossl_models/log..k.ext_usda.4b1_cmolkg/mir_mlr..eml_kssl_ll_v1.rds,,http://s3.us-east-1.wasabisys.com/soilspectroscopy/ossl_models/pca.ossl/mpca_mir_kssl_v1.rds
log..k.ext_usda.4b1_cmolkg,"Potassium, NH4OAc Extractable in cmol/kg",https://soilspectroscopy.github.io/ossl-manual/database.html#k.ext_usda.4b1_cmolkg,visnir,ossl,na,visnir_mlr..eml_ossl_na_v1.rds,/soilspectroscopy/ossl_models/log..k.ext_usda.4b1_cmolkg/,http://s3.us-east-1.wasabisys.com/soilspectroscopy/ossl_models/log..k.ext_usda.4b1_cmolkg/visnir_mlr..eml_ossl_na_v1_resultsFit.txt,"Ensemble ML model to predict Potassium, NH4OAc Extractable in cmol/kg using ossl data",,mpca_visnir_ossl_v1.rds,/soilspectroscopy/ossl_models/pca.ossl/,http://s3.us-east-1.wasabisys.com/soilspectroscopy/ossl_models/log..k.ext_usda.4b1_cmolkg/ap.visnir_mlr..eml_ossl_na_v1.rds.png,0.499,0.275,26597,/ossl_models/pca.ossl/mpca_visnir_ossl_plot.rds,http://s3.us-east-1.wasabisys.com/soilspectroscopy/ossl_models/log..k.ext_usda.4b1_cmolkg/visnir_mlr..eml_ossl_na_v1.rds,,http://s3.us-east-1.wasabisys.com/soilspectroscopy/ossl_models/pca.ossl/
log..k.ext_usda.4b1_cmolkg,"Potassium, NH4OAc Extractable in cmol/kg",https://soilspectroscopy.github.io/ossl-manual/database.html#k.ext_usda.4b1_cmolkg,mir,ossl,ll,mir_mlr..eml_ossl_ll_v1.rds,/soilspectroscopy/ossl_models/log..k.ext_usda.4b1_cmolkg/,http://s3.us-east-1.wasabisys.com/soilspectroscopy/ossl_models/log..k.ext_usda.4b1_cmolkg/mir_mlr..eml_ossl_ll_v1_resultsFit.txt,"Ensemble ML model to predict Potassium, NH4OAc Extractable in cmol/kg using ossl data",mpca_mir_ossl_v1.rds,,/soilspectroscopy/ossl_models/pca.ossl/,http://s3.us-east-1.wasabisys.com/soilspectroscopy/ossl_models/log..k.ext_usda.4b1_cmolkg/ap.mir_mlr..eml_ossl_ll_v1.rds.png,0.624,0.204,34256,/ossl_models/pca.ossl/mpca_mir_ossl_plot.rds,http://s3.us-east-1.wasabisys.com/soilspectroscopy/ossl_models/log..k.ext_usda.4b1_cmolkg/mir_mlr..eml_ossl_ll_v1.rds,,http://s3.us-east-1.wasabisys.com/soilspectroscopy/ossl_models/pca.ossl/mpca_mir_ossl_v1.rds
log..k.ext_usda.4b1_cmolkg,"Potassium, NH4OAc Extractable in cmol/kg",https://soilspectroscopy.github.io/ossl-manual/database.html#k.ext_usda.4b1_cmolkg,visnir.mir,ossl,ll,visnir.mir_mlr..eml_ossl_ll_v1.rds,/soilspectroscopy/ossl_models/log..k.ext_usda.4b1_cmolkg/,http://s3.us-east-1.wasabisys.com/soilspectroscopy/ossl_models/log..k.ext_usda.4b1_cmolkg/visnir.mir_mlr..eml_ossl_ll_v1_resultsFit.txt,"Ensemble ML model to predict Potassium, NH4OAc Extractable in cmol/kg using ossl data",mpca_mir_kssl_v1.rds,,/soilspectroscopy/ossl_models/pca.ossl/,http://s3.us-east-1.wasabisys.com/soilspectroscopy/ossl_models/log..k.ext_usda.4b1_cmolkg/ap.visnir.mir_mlr..eml_ossl_ll_v1.rds.png,0.611,0.203,17330,/ossl_models/pca.ossl/mpca_mir_visnir_ossl_plot.rds,http://s3.us-east-1.wasabisys.com/soilspectroscopy/ossl_models/log..k.ext_usda.4b1_cmolkg/visnir.mir_mlr..eml_ossl_ll_v1.rds,,http://s3.us-east-1.wasabisys.com/soilspectroscopy/ossl_models/pca.ossl/mpca_mir_kssl_v1.rds
log..caco3_usda.4e1_wpct,Calcium carbonate content,https://soilspectroscopy.github.io/ossl-manual/database.html#caco3_usda.4e1_wpct,mir,kssl,na,mir_mlr..eml_kssl_na_v1.rds,/soilspectroscopy/ossl_models/log..caco3_usda.4e1_wpct/,http://s3.us-east-1.wasabisys.com/soilspectroscopy/ossl_models/log..caco3_usda.4e1_wpct/mir_mlr..eml_kssl_na_v1_resultsFit.txt,Ensemble ML model to predict Calcium carbonate content using kssl data,mpca_mir_kssl_v1.rds,,/soilspectroscopy/ossl_models/pca.ossl/,http://s3.us-east-1.wasabisys.com/soilspectroscopy/ossl_models/log..caco3_usda.4e1_wpct/ap.mir_mlr..eml_kssl_na_v1.rds.png,0.971,0.211,30217,/ossl_models/pca.ossl/mpca_mir_visnir_ossl_plot.rds,http://s3.us-east-1.wasabisys.com/soilspectroscopy/ossl_models/log..caco3_usda.4e1_wpct/mir_mlr..eml_kssl_na_v1.rds,,http://s3.us-east-1.wasabisys.com/soilspectroscopy/ossl_models/pca.ossl/mpca_mir_kssl_v1.rds
log..caco3_usda.4e1_wpct,Calcium carbonate content,https://soilspectroscopy.github.io/ossl-manual/database.html#caco3_usda.4e1_wpct,mir,kssl,ll,mir_mlr..eml_kssl_ll_v1.rds,/soilspectroscopy/ossl_models/log..caco3_usda.4e1_wpct/,http://s3.us-east-1.wasabisys.com/soilspectroscopy/ossl_models/log..caco3_usda.4e1_wpct/mir_mlr..eml_kssl_ll_v1_resultsFit.txt,Ensemble ML model to predict Calcium carbonate content using kssl data,,mpca_visnir_ossl_v1.rds,/soilspectroscopy/ossl_models/pca.ossl/,http://s3.us-east-1.wasabisys.com/soilspectroscopy/ossl_models/log..caco3_usda.4e1_wpct/ap.mir_mlr..eml_kssl_ll_v1.rds.png,0.973,0.212,13243,/ossl_models/pca.ossl/mpca_mir_visnir_ossl_plot.rds,http://s3.us-east-1.wasabisys.com/soilspectroscopy/ossl_models/log..caco3_usda.4e1_wpct/mir_mlr..eml_kssl_ll_v1.rds,,http://s3.us-east-1.wasabisys.com/soilspectroscopy/ossl_models/pca.ossl/
log..caco3_usda.4e1_wpct,Calcium carbonate content,https://soilspectroscopy.github.io/ossl-manual/database.html#caco3_usda.4e1_wpct,visnir,ossl,na,visnir_mlr..eml_ossl_na_v1.rds,/soilspectroscopy/ossl_models/log..caco3_usda.4e1_wpct/,http://s3.us-east-1.wasabisys.com/soilspectroscopy/ossl_models/log..caco3_usda.4e1_wpct/visnir_mlr..eml_ossl_na_v1_resultsFit.txt,Ensemble ML model to predict Calcium carbonate content using ossl data,mpca_mir_ossl_v1.rds,,/soilspectroscopy/ossl_models/pca.ossl/,http://s3.us-east-1.wasabisys.com/soilspectroscopy/ossl_models/log..caco3_usda.4e1_wpct/ap.visnir_mlr..eml_ossl_na_v1.rds.png,0.632,0.731,16080,/ossl_models/pca.ossl/mpca_mir_visnir_ossl_plot.rds,http://s3.us-east-1.wasabisys.com/soilspectroscopy/ossl_models/log..caco3_usda.4e1_wpct/visnir_mlr..eml_ossl_na_v1.rds,,http://s3.us-east-1.wasabisys.com/soilspectroscopy/ossl_models/pca.ossl/mpca_mir_ossl_v1.rds
log..caco3_usda.4e1_wpct,Calcium carbonate content,https://soilspectroscopy.github.io/ossl-manual/database.html#caco3_usda.4e1_wpct,mir,ossl,ll,mir_mlr..eml_ossl_ll_v1.rds,/soilspectroscopy/ossl_models/log..caco3_usda.4e1_wpct/,http://s3.us-east-1.wasabisys.com/soilspectroscopy/ossl_models/log..caco3_usda.4e1_wpct/mir_mlr..eml_ossl_ll_v1_resultsFit.txt,Ensemble ML model to predict Calcium carbonate content using ossl data,mpca_mir_kssl_v1.rds,,/soilspectroscopy/ossl_models/pca.ossl/,http://s3.us-east-1.wasabisys.com/soilspectroscopy/ossl_models/log..caco3_usda.4e1_wpct/ap.mir_mlr..eml_ossl_ll_v1.rds.png,0.963,0.249,14395,/ossl_models/pca.ossl/mpca_mir_visnir_ossl_plot.rds,http://s3.us-east-1.wasabisys.com/soilspectroscopy/ossl_models/log..caco3_usda.4e1_wpct/mir_mlr..eml_ossl_ll_v1.rds,,http://s3.us-east-1.wasabisys.com/soilspectroscopy/ossl_models/pca.ossl/mpca_mir_kssl_v1.rds
log..caco3_usda.4e1_wpct,Calcium carbonate content,https://soilspectroscopy.github.io/ossl-manual/database.html#caco3_usda.4e1_wpct,visnir.mir,ossl,ll,visnir.mir_mlr..eml_ossl_ll_v1.rds,/soilspectroscopy/ossl_models/log..caco3_usda.4e1_wpct/,http://s3.us-east-1.wasabisys.com/soilspectroscopy/ossl_models/log..caco3_usda.4e1_wpct/visnir.mir_mlr..eml_ossl_ll_v1_resultsFit.txt,Ensemble ML model to predict Calcium carbonate content using ossl data,mpca_mir_kssl_v1.rds,,/soilspectroscopy/ossl_models/pca.ossl/,http://s3.us-east-1.wasabisys.com/soilspectroscopy/ossl_models/log..caco3_usda.4e1_wpct/ap.visnir.mir_mlr..eml_ossl_ll_v1.rds.png,0.959,0.254,8043,/ossl_models/pca.ossl/mpca_mir_visnir_ossl_plot.rds,http://s3.us-east-1.wasabisys.com/soilspectroscopy/ossl_models/log..caco3_usda.4e1_wpct/visnir.mir_mlr..eml_ossl_ll_v1.rds,,http://s3.us-east-1.wasabisys.com/soilspectroscopy/ossl_models/pca.ossl/mpca_mir_kssl_v1.rds
log..mg.ext_usda.4b1_cmolkg,"Magnesium, NH4OAc Extractable in cmol/kg",https://soilspectroscopy.github.io/ossl-manual/database.html#mg.ext_usda.4b1_cmolkg,mir,kssl,na,mir_mlr..eml_kssl_na_v1.rds,/soilspectroscopy/ossl_models/log..mg.ext_usda.4b1_cmolkg/,http://s3.us-east-1.wasabisys.com/soilspectroscopy/ossl_models/log..mg.ext_usda.4b1_cmolkg/mir_mlr..eml_kssl_na_v1_resultsFit.txt,"Ensemble ML model to predict Magnesium, NH4OAc Extractable in cmol/kg using kssl data",,mpca_visnir_ossl_v1.rds,/soilspectroscopy/ossl_models/pca.ossl/,http://s3.us-east-1.wasabisys.com/soilspectroscopy/ossl_models/log..mg.ext_usda.4b1_cmolkg/ap.mir_mlr..eml_kssl_na_v1.rds.png,0.851,0.357,56534,/ossl_models/pca.ossl/mpca_mir_visnir_ossl_plot.rds,http://s3.us-east-1.wasabisys.com/soilspectroscopy/ossl_models/log..mg.ext_usda.4b1_cmolkg/mir_mlr..eml_kssl_na_v1.rds,,http://s3.us-east-1.wasabisys.com/soilspectroscopy/ossl_models/pca.ossl/
log..mg.ext_usda.4b1_cmolkg,"Magnesium, NH4OAc Extractable in cmol/kg",https://soilspectroscopy.github.io/ossl-manual/database.html#mg.ext_usda.4b1_cmolkg,mir,kssl,ll,mir_mlr..eml_kssl_ll_v1.rds,/soilspectroscopy/ossl_models/log..mg.ext_usda.4b1_cmolkg/,http://s3.us-east-1.wasabisys.com/soilspectroscopy/ossl_models/log..mg.ext_usda.4b1_cmolkg/mir_mlr..eml_kssl_ll_v1_resultsFit.txt,"Ensemble ML model to predict Magnesium, NH4OAc Extractable in cmol/kg using kssl data",mpca_mir_ossl_v1.rds,,/soilspectroscopy/ossl_models/pca.ossl/,http://s3.us-east-1.wasabisys.com/soilspectroscopy/ossl_models/log..mg.ext_usda.4b1_cmolkg/ap.mir_mlr..eml_kssl_ll_v1.rds.png,0.838,0.347,30275,/ossl_models/pca.ossl/mpca_mir_visnir_ossl_plot.rds,http://s3.us-east-1.wasabisys.com/soilspectroscopy/ossl_models/log..mg.ext_usda.4b1_cmolkg/mir_mlr..eml_kssl_ll_v1.rds,,http://s3.us-east-1.wasabisys.com/soilspectroscopy/ossl_models/pca.ossl/mpca_mir_ossl_v1.rds
log..mg.ext_usda.4b1_cmolkg,"Magnesium, NH4OAc Extractable in cmol/kg",https://soilspectroscopy.github.io/ossl-manual/database.html#mg.ext_usda.4b1_cmolkg,visnir,ossl,na,visnir_mlr..eml_ossl_na_v1.rds,/soilspectroscopy/ossl_models/log..mg.ext_usda.4b1_cmolkg/,http://s3.us-east-1.wasabisys.com/soilspectroscopy/ossl_models/log..mg.ext_usda.4b1_cmolkg/visnir_mlr..eml_ossl_na_v1_resultsFit.txt,"Ensemble ML model to predict Magnesium, NH4OAc Extractable in cmol/kg using ossl data",mpca_mir_kssl_v1.rds,,/soilspectroscopy/ossl_models/pca.ossl/,http://s3.us-east-1.wasabisys.com/soilspectroscopy/ossl_models/log..mg.ext_usda.4b1_cmolkg/ap.visnir_mlr..eml_ossl_na_v1.rds.png,0.614,0.586,26599,/ossl_models/pca.ossl/mpca_mir_visnir_ossl_plot.rds,http://s3.us-east-1.wasabisys.com/soilspectroscopy/ossl_models/log..mg.ext_usda.4b1_cmolkg/visnir_mlr..eml_ossl_na_v1.rds,,http://s3.us-east-1.wasabisys.com/soilspectroscopy/ossl_models/pca.ossl/mpca_mir_kssl_v1.rds
log..mg.ext_usda.4b1_cmolkg,"Magnesium, NH4OAc Extractable in cmol/kg",https://soilspectroscopy.github.io/ossl-manual/database.html#mg.ext_usda.4b1_cmolkg,mir,ossl,ll,mir_mlr..eml_ossl_ll_v1.rds,/soilspectroscopy/ossl_models/log..mg.ext_usda.4b1_cmolkg/,http://s3.us-east-1.wasabisys.com/soilspectroscopy/ossl_models/log..mg.ext_usda.4b1_cmolkg/mir_mlr..eml_ossl_ll_v1_resultsFit.txt,"Ensemble ML model to predict Magnesium, NH4OAc Extractable in cmol/kg using ossl data",mpca_mir_kssl_v1.rds,,/soilspectroscopy/ossl_models/pca.ossl/,http://s3.us-east-1.wasabisys.com/soilspectroscopy/ossl_models/log..mg.ext_usda.4b1_cmolkg/ap.mir_mlr..eml_ossl_ll_v1.rds.png,0.812,0.379,34256,/ossl_models/pca.ossl/mpca_mir_visnir_ossl_plot.rds,http://s3.us-east-1.wasabisys.com/soilspectroscopy/ossl_models/log..mg.ext_usda.4b1_cmolkg/mir_mlr..eml_ossl_ll_v1.rds,,http://s3.us-east-1.wasabisys.com/soilspectroscopy/ossl_models/pca.ossl/mpca_mir_kssl_v1.rds
log..mg.ext_usda.4b1_cmolkg,"Magnesium, NH4OAc Extractable in cmol/kg",https://soilspectroscopy.github.io/ossl-manual/database.html#mg.ext_usda.4b1_cmolkg,visnir.mir,ossl,ll,visnir.mir_mlr..eml_ossl_ll_v1.rds,/soilspectroscopy/ossl_models/log..mg.ext_usda.4b1_cmolkg/,http://s3.us-east-1.wasabisys.com/soilspectroscopy/ossl_models/log..mg.ext_usda.4b1_cmolkg/visnir.mir_mlr..eml_ossl_ll_v1_resultsFit.txt,"Ensemble ML model to predict Magnesium, NH4OAc Extractable in cmol/kg using ossl data",,mpca_visnir_ossl_v1.rds,/soilspectroscopy/ossl_models/pca.ossl/,http://s3.us-east-1.wasabisys.com/soilspectroscopy/ossl_models/log..mg.ext_usda.4b1_cmolkg/ap.visnir.mir_mlr..eml_ossl_ll_v1.rds.png,0.828,0.369,17330,/ossl_models/pca.ossl/mpca_mir_visnir_ossl_plot.rds,http://s3.us-east-1.wasabisys.com/soilspectroscopy/ossl_models/log..mg.ext_usda.4b1_cmolkg/visnir.mir_mlr..eml_ossl_ll_v1.rds,,http://s3.us-east-1.wasabisys.com/soilspectroscopy/ossl_models/pca.ossl/
log..ca.ext_usda.4b1_cmolkg,"Calcium, NH4OAc Extractable in cmol/kg",https://soilspectroscopy.github.io/ossl-manual/database.html#ca.ext_usda.4b1_cmolkg,mir,kssl,na,mir_mlr..eml_kssl_na_v1.rds,/soilspectroscopy/ossl_models/log..ca.ext_usda.4b1_cmolkg/,http://s3.us-east-1.wasabisys.com/soilspectroscopy/ossl_models/log..ca.ext_usda.4b1_cmolkg/mir_mlr..eml_kssl_na_v1_resultsFit.txt,"Ensemble ML model to predict Calcium, NH4OAc Extractable in cmol/kg using kssl data",mpca_mir_ossl_v1.rds,,/soilspectroscopy/ossl_models/pca.ossl/,http://s3.us-east-1.wasabisys.com/soilspectroscopy/ossl_models/log..ca.ext_usda.4b1_cmolkg/ap.mir_mlr..eml_kssl_na_v1.rds.png,0.922,0.361,56534,/ossl_models/pca.ossl/mpca_mir_visnir_ossl_plot.rds,http://s3.us-east-1.wasabisys.com/soilspectroscopy/ossl_models/log..ca.ext_usda.4b1_cmolkg/mir_mlr..eml_kssl_na_v1.rds,,http://s3.us-east-1.wasabisys.com/soilspectroscopy/ossl_models/pca.ossl/mpca_mir_ossl_v1.rds
log..ca.ext_usda.4b1_cmolkg,"Calcium, NH4OAc Extractable in cmol/kg",https://soilspectroscopy.github.io/ossl-manual/database.html#ca.ext_usda.4b1_cmolkg,mir,kssl,ll,mir_mlr..eml_kssl_ll_v1.rds,/soilspectroscopy/ossl_models/log..ca.ext_usda.4b1_cmolkg/,http://s3.us-east-1.wasabisys.com/soilspectroscopy/ossl_models/log..ca.ext_usda.4b1_cmolkg/mir_mlr..eml_kssl_ll_v1_resultsFit.txt,"Ensemble ML model to predict Calcium, NH4OAc Extractable in cmol/kg using kssl data",mpca_mir_kssl_v1.rds,,/soilspectroscopy/ossl_models/pca.ossl/,http://s3.us-east-1.wasabisys.com/soilspectroscopy/ossl_models/log..ca.ext_usda.4b1_cmolkg/ap.mir_mlr..eml_kssl_ll_v1.rds.png,0.921,0.375,30275,/ossl_models/pca.ossl/mpca_mir_visnir_ossl_plot.rds,http://s3.us-east-1.wasabisys.com/soilspectroscopy/ossl_models/log..ca.ext_usda.4b1_cmolkg/mir_mlr..eml_kssl_ll_v1.rds,,http://s3.us-east-1.wasabisys.com/soilspectroscopy/ossl_models/pca.ossl/mpca_mir_kssl_v1.rds
log..ca.ext_usda.4b1_cmolkg,"Calcium, NH4OAc Extractable in cmol/kg",https://soilspectroscopy.github.io/ossl-manual/database.html#ca.ext_usda.4b1_cmolkg,visnir,ossl,na,visnir_mlr..eml_ossl_na_v1.rds,/soilspectroscopy/ossl_models/log..ca.ext_usda.4b1_cmolkg/,http://s3.us-east-1.wasabisys.com/soilspectroscopy/ossl_models/log..ca.ext_usda.4b1_cmolkg/visnir_mlr..eml_ossl_na_v1_resultsFit.txt,"Ensemble ML model to predict Calcium, NH4OAc Extractable in cmol/kg using ossl data",mpca_mir_kssl_v1.rds,,/soilspectroscopy/ossl_models/pca.ossl/,http://s3.us-east-1.wasabisys.com/soilspectroscopy/ossl_models/log..ca.ext_usda.4b1_cmolkg/ap.visnir_mlr..eml_ossl_na_v1.rds.png,0.669,0.759,26599,/ossl_models/pca.ossl/mpca_mir_visnir_ossl_plot.rds,http://s3.us-east-1.wasabisys.com/soilspectroscopy/ossl_models/log..ca.ext_usda.4b1_cmolkg/visnir_mlr..eml_ossl_na_v1.rds,,http://s3.us-east-1.wasabisys.com/soilspectroscopy/ossl_models/pca.ossl/mpca_mir_kssl_v1.rds
log..ca.ext_usda.4b1_cmolkg,"Calcium, NH4OAc Extractable in cmol/kg",https://soilspectroscopy.github.io/ossl-manual/database.html#ca.ext_usda.4b1_cmolkg,mir,ossl,ll,mir_mlr..eml_ossl_ll_v1.rds,/soilspectroscopy/ossl_models/log..ca.ext_usda.4b1_cmolkg/,http://s3.us-east-1.wasabisys.com/soilspectroscopy/ossl_models/log..ca.ext_usda.4b1_cmolkg/mir_mlr..eml_ossl_ll_v1_resultsFit.txt,"Ensemble ML model to predict Calcium, NH4OAc Extractable in cmol/kg using ossl data",,mpca_visnir_ossl_v1.rds,/soilspectroscopy/ossl_models/pca.ossl/,http://s3.us-east-1.wasabisys.com/soilspectroscopy/ossl_models/log..ca.ext_usda.4b1_cmolkg/ap.mir_mlr..eml_ossl_ll_v1.rds.png,0.912,0.402,34249,/ossl_models/pca.ossl/mpca_mir_visnir_ossl_plot.rds,http://s3.us-east-1.wasabisys.com/soilspectroscopy/ossl_models/log..ca.ext_usda.4b1_cmolkg/mir_mlr..eml_ossl_ll_v1.rds,,http://s3.us-east-1.wasabisys.com/soilspectroscopy/ossl_models/pca.ossl/
log..ca.ext_usda.4b1_cmolkg,"Calcium, NH4OAc Extractable in cmol/kg",https://soilspectroscopy.github.io/ossl-manual/database.html#ca.ext_usda.4b1_cmolkg,visnir.mir,ossl,ll,visnir.mir_mlr..eml_ossl_ll_v1.rds,/soilspectroscopy/ossl_models/log..ca.ext_usda.4b1_cmolkg/,http://s3.us-east-1.wasabisys.com/soilspectroscopy/ossl_models/log..ca.ext_usda.4b1_cmolkg/visnir.mir_mlr..eml_ossl_ll_v1_resultsFit.txt,"Ensemble ML model to predict Calcium, NH4OAc Extractable in cmol/kg using ossl data",mpca_mir_ossl_v1.rds,,/soilspectroscopy/ossl_models/pca.ossl/,http://s3.us-east-1.wasabisys.com/soilspectroscopy/ossl_models/log..ca.ext_usda.4b1_cmolkg/ap.visnir.mir_mlr..eml_ossl_ll_v1.rds.png,0.911,0.415,17323,/ossl_models/pca.ossl/mpca_mir_visnir_ossl_plot.rds,http://s3.us-east-1.wasabisys.com/soilspectroscopy/ossl_models/log..ca.ext_usda.4b1_cmolkg/visnir.mir_mlr..eml_ossl_ll_v1.rds,,http://s3.us-east-1.wasabisys.com/soilspectroscopy/ossl_models/pca.ossl/mpca_mir_ossl_v1.rds
log..gyp_usda.4e2_wpct,Gypsum weight percentage,https://soilspectroscopy.github.io/ossl-manual/database.html#gyp_usda.4e2_wpct,mir,kssl,na,mir_mlr..eml_kssl_na_v1.rds,/soilspectroscopy/ossl_models/log..gyp_usda.4e2_wpct/,http://s3.us-east-1.wasabisys.com/soilspectroscopy/ossl_models/log..gyp_usda.4e2_wpct/mir_mlr..eml_kssl_na_v1_resultsFit.txt,Ensemble ML model to predict Gypsum weight percentage using kssl data,mpca_mir_kssl_v1.rds,,/soilspectroscopy/ossl_models/pca.ossl/,http://s3.us-east-1.wasabisys.com/soilspectroscopy/ossl_models/log..gyp_usda.4e2_wpct/ap.mir_mlr..eml_kssl_na_v1.rds.png,0.928,0.304,6721,/ossl_models/pca.ossl/mpca_mir_visnir_ossl_plot.rds,http://s3.us-east-1.wasabisys.com/soilspectroscopy/ossl_models/log..gyp_usda.4e2_wpct/mir_mlr..eml_kssl_na_v1.rds,,http://s3.us-east-1.wasabisys.com/soilspectroscopy/ossl_models/pca.ossl/mpca_mir_kssl_v1.rds
log..gyp_usda.4e2_wpct,Gypsum weight percentage,https://soilspectroscopy.github.io/ossl-manual/database.html#gyp_usda.4e2_wpct,mir,kssl,ll,mir_mlr..eml_kssl_ll_v1.rds,/soilspectroscopy/ossl_models/log..gyp_usda.4e2_wpct/,http://s3.us-east-1.wasabisys.com/soilspectroscopy/ossl_models/log..gyp_usda.4e2_wpct/mir_mlr..eml_kssl_ll_v1_resultsFit.txt,Ensemble ML model to predict Gypsum weight percentage using kssl data,mpca_mir_kssl_v1.rds,,/soilspectroscopy/ossl_models/pca.ossl/,http://s3.us-east-1.wasabisys.com/soilspectroscopy/ossl_models/log..gyp_usda.4e2_wpct/ap.mir_mlr..eml_kssl_ll_v1.rds.png,0.902,0.326,4140,/ossl_models/pca.ossl/mpca_mir_visnir_ossl_plot.rds,http://s3.us-east-1.wasabisys.com/soilspectroscopy/ossl_models/log..gyp_usda.4e2_wpct/mir_mlr..eml_kssl_ll_v1.rds,,http://s3.us-east-1.wasabisys.com/soilspectroscopy/ossl_models/pca.ossl/mpca_mir_kssl_v1.rds
log..gyp_usda.4e2_wpct,Gypsum weight percentage,https://soilspectroscopy.github.io/ossl-manual/database.html#gyp_usda.4e2_wpct,visnir,ossl,na,visnir_mlr..eml_ossl_na_v1.rds,/soilspectroscopy/ossl_models/log..gyp_usda.4e2_wpct/,http://s3.us-east-1.wasabisys.com/soilspectroscopy/ossl_models/log..gyp_usda.4e2_wpct/visnir_mlr..eml_ossl_na_v1_resultsFit.txt,Ensemble ML model to predict Gypsum weight percentage using ossl data,,mpca_visnir_ossl_v1.rds,/soilspectroscopy/ossl_models/pca.ossl/,http://s3.us-east-1.wasabisys.com/soilspectroscopy/ossl_models/log..gyp_usda.4e2_wpct/ap.visnir_mlr..eml_ossl_na_v1.rds.png,0.658,0.550,2897,/ossl_models/pca.ossl/mpca_mir_visnir_ossl_plot.rds,http://s3.us-east-1.wasabisys.com/soilspectroscopy/ossl_models/log..gyp_usda.4e2_wpct/visnir_mlr..eml_ossl_na_v1.rds,,http://s3.us-east-1.wasabisys.com/soilspectroscopy/ossl_models/pca.ossl/
log..gyp_usda.4e2_wpct,Gypsum weight percentage,https://soilspectroscopy.github.io/ossl-manual/database.html#gyp_usda.4e2_wpct,mir,ossl,ll,mir_mlr..eml_ossl_ll_v1.rds,/soilspectroscopy/ossl_models/log..gyp_usda.4e2_wpct/,http://s3.us-east-1.wasabisys.com/soilspectroscopy/ossl_models/log..gyp_usda.4e2_wpct/mir_mlr..eml_ossl_ll_v1_resultsFit.txt,Ensemble ML model to predict Gypsum weight percentage using ossl data,mpca_mir_ossl_v1.rds,,/soilspectroscopy/ossl_models/pca.ossl/,http://s3.us-east-1.wasabisys.com/soilspectroscopy/ossl_models/log..gyp_usda.4e2_wpct/ap.mir_mlr..eml_ossl_ll_v1.rds.png,0.882,0.358,4168,/ossl_models/pca.ossl/mpca_mir_visnir_ossl_plot.rds,http://s3.us-east-1.wasabisys.com/soilspectroscopy/ossl_models/log..gyp_usda.4e2_wpct/mir_mlr..eml_ossl_ll_v1.rds,,http://s3.us-east-1.wasabisys.com/soilspectroscopy/ossl_models/pca.ossl/mpca_mir_ossl_v1.rds
log..gyp_usda.4e2_wpct,Gypsum weight percentage,https://soilspectroscopy.github.io/ossl-manual/database.html#gyp_usda.4e2_wpct,visnir.mir,ossl,ll,visnir.mir_mlr..eml_ossl_ll_v1.rds,/soilspectroscopy/ossl_models/log..gyp_usda.4e2_wpct/,http://s3.us-east-1.wasabisys.com/soilspectroscopy/ossl_models/log..gyp_usda.4e2_wpct/visnir.mir_mlr..eml_ossl_ll_v1_resultsFit.txt,Ensemble ML model to predict Gypsum weight percentage using ossl data,mpca_mir_kssl_v1.rds,,/soilspectroscopy/ossl_models/pca.ossl/,http://s3.us-east-1.wasabisys.com/soilspectroscopy/ossl_models/log..gyp_usda.4e2_wpct/ap.visnir.mir_mlr..eml_ossl_ll_v1.rds.png,0.808,0.418,2162,/ossl_models/pca.ossl/mpca_mir_visnir_ossl_plot.rds,http://s3.us-east-1.wasabisys.com/soilspectroscopy/ossl_models/log..gyp_usda.4e2_wpct/visnir.mir_mlr..eml_ossl_ll_v1.rds,,http://s3.us-east-1.wasabisys.com/soilspectroscopy/ossl_models/pca.ossl/mpca_mir_kssl_v1.rds
log..cec.ext_usda.4b1_cmolkg,"Cation Exchange Capacity (CEC), NH4OAc, pH 7.0",https://soilspectroscopy.github.io/ossl-manual/database.html#cec.ext_usda.4b1_cmolkg,mir,kssl,na,mir_mlr..eml_kssl_na_v1.rds,/soilspectroscopy/ossl_models/log..cec.ext_usda.4b1_cmolkg/,http://s3.us-east-1.wasabisys.com/soilspectroscopy/ossl_models/log..cec.ext_usda.4b1_cmolkg/mir_mlr..eml_kssl_na_v1_resultsFit.txt,"Ensemble ML model to predict Cation Exchange Capacity (CEC), NH4OAc, pH 7.0 using kssl data",mpca_mir_kssl_v1.rds,,/soilspectroscopy/ossl_models/pca.ossl/,http://s3.us-east-1.wasabisys.com/soilspectroscopy/ossl_models/log..cec.ext_usda.4b1_cmolkg/ap.mir_mlr..eml_kssl_na_v1.rds.png,0.951,0.198,56526,/ossl_models/pca.ossl/mpca_mir_visnir_ossl_plot.rds,http://s3.us-east-1.wasabisys.com/soilspectroscopy/ossl_models/log..cec.ext_usda.4b1_cmolkg/mir_mlr..eml_kssl_na_v1.rds,,http://s3.us-east-1.wasabisys.com/soilspectroscopy/ossl_models/pca.ossl/mpca_mir_kssl_v1.rds
log..cec.ext_usda.4b1_cmolkg,"Cation Exchange Capacity (CEC), NH4OAc, pH 7.0",https://soilspectroscopy.github.io/ossl-manual/database.html#cec.ext_usda.4b1_cmolkg,mir,kssl,ll,mir_mlr..eml_kssl_ll_v1.rds,/soilspectroscopy/ossl_models/log..cec.ext_usda.4b1_cmolkg/,http://s3.us-east-1.wasabisys.com/soilspectroscopy/ossl_models/log..cec.ext_usda.4b1_cmolkg/mir_mlr..eml_kssl_ll_v1_resultsFit.txt,"Ensemble ML model to predict Cation Exchange Capacity (CEC), NH4OAc, pH 7.0 using kssl data",,mpca_visnir_ossl_v1.rds,/soilspectroscopy/ossl_models/pca.ossl/,http://s3.us-east-1.wasabisys.com/soilspectroscopy/ossl_models/log..cec.ext_usda.4b1_cmolkg/ap.mir_mlr..eml_kssl_ll_v1.rds.png,0.933,0.213,30271,/ossl_models/pca.ossl/mpca_mir_visnir_ossl_plot.rds,http://s3.us-east-1.wasabisys.com/soilspectroscopy/ossl_models/log..cec.ext_usda.4b1_cmolkg/mir_mlr..eml_kssl_ll_v1.rds,,http://s3.us-east-1.wasabisys.com/soilspectroscopy/ossl_models/pca.ossl/
log..cec.ext_usda.4b1_cmolkg,"Cation Exchange Capacity (CEC), NH4OAc, pH 7.0",https://soilspectroscopy.github.io/ossl-manual/database.html#cec.ext_usda.4b1_cmolkg,visnir,ossl,na,visnir_mlr..eml_ossl_na_v1.rds,/soilspectroscopy/ossl_models/log..cec.ext_usda.4b1_cmolkg/,http://s3.us-east-1.wasabisys.com/soilspectroscopy/ossl_models/log..cec.ext_usda.4b1_cmolkg/visnir_mlr..eml_ossl_na_v1_resultsFit.txt,"Ensemble ML model to predict Cation Exchange Capacity (CEC), NH4OAc, pH 7.0 using ossl data",mpca_mir_ossl_v1.rds,,/soilspectroscopy/ossl_models/pca.ossl/,http://s3.us-east-1.wasabisys.com/soilspectroscopy/ossl_models/log..cec.ext_usda.4b1_cmolkg/ap.visnir_mlr..eml_ossl_na_v1.rds.png,0.696,0.496,26595,/ossl_models/pca.ossl/mpca_mir_visnir_ossl_plot.rds,http://s3.us-east-1.wasabisys.com/soilspectroscopy/ossl_models/log..cec.ext_usda.4b1_cmolkg/visnir_mlr..eml_ossl_na_v1.rds,,http://s3.us-east-1.wasabisys.com/soilspectroscopy/ossl_models/pca.ossl/mpca_mir_ossl_v1.rds
log..cec.ext_usda.4b1_cmolkg,"Cation Exchange Capacity (CEC), NH4OAc, pH 7.0",https://soilspectroscopy.github.io/ossl-manual/database.html#cec.ext_usda.4b1_cmolkg,mir,ossl,ll,mir_mlr..eml_ossl_ll_v1.rds,/soilspectroscopy/ossl_models/log..cec.ext_usda.4b1_cmolkg/,http://s3.us-east-1.wasabisys.com/soilspectroscopy/ossl_models/log..cec.ext_usda.4b1_cmolkg/mir_mlr..eml_ossl_ll_v1_resultsFit.txt,"Ensemble ML model to predict Cation Exchange Capacity (CEC), NH4OAc, pH 7.0 using ossl data",mpca_mir_kssl_v1.rds,,/soilspectroscopy/ossl_models/pca.ossl/,http://s3.us-east-1.wasabisys.com/soilspectroscopy/ossl_models/log..cec.ext_usda.4b1_cmolkg/ap.mir_mlr..eml_ossl_ll_v1.rds.png,0.927,0.227,33758,/ossl_models/pca.ossl/mpca_mir_visnir_ossl_plot.rds,http://s3.us-east-1.wasabisys.com/soilspectroscopy/ossl_models/log..cec.ext_usda.4b1_cmolkg/mir_mlr..eml_ossl_ll_v1.rds,,http://s3.us-east-1.wasabisys.com/soilspectroscopy/ossl_models/pca.ossl/mpca_mir_kssl_v1.rds
log..cec.ext_usda.4b1_cmolkg,"Cation Exchange Capacity (CEC), NH4OAc, pH 7.0",https://soilspectroscopy.github.io/ossl-manual/database.html#cec.ext_usda.4b1_cmolkg,visnir.mir,ossl,ll,visnir.mir_mlr..eml_ossl_ll_v1.rds,/soilspectroscopy/ossl_models/log..cec.ext_usda.4b1_cmolkg/,http://s3.us-east-1.wasabisys.com/soilspectroscopy/ossl_models/log..cec.ext_usda.4b1_cmolkg/visnir.mir_mlr..eml_ossl_ll_v1_resultsFit.txt,"Ensemble ML model to predict Cation Exchange Capacity (CEC), NH4OAc, pH 7.0 using ossl data",mpca_mir_kssl_v1.rds,,/soilspectroscopy/ossl_models/pca.ossl/,http://s3.us-east-1.wasabisys.com/soilspectroscopy/ossl_models/log..cec.ext_usda.4b1_cmolkg/ap.visnir.mir_mlr..eml_ossl_ll_v1.rds.png,0.924,0.236,17315,/ossl_models/pca.ossl/mpca_mir_visnir_ossl_plot.rds,http://s3.us-east-1.wasabisys.com/soilspectroscopy/ossl_models/log..cec.ext_usda.4b1_cmolkg/visnir.mir_mlr..eml_ossl_ll_v1.rds,,http://s3.us-east-1.wasabisys.com/soilspectroscopy/ossl_models/pca.ossl/mpca_mir_kssl_v1.rds
bsat_usda.4b4_wpct,"Base saturation, NH4OAc, pH7",https://soilspectroscopy.github.io/ossl-manual/database.html#bsat_usda.4b4_wpct,mir,kssl,na,mir_mlr..eml_kssl_na_v1.rds,/soilspectroscopy/ossl_models/bsat_usda.4b4_wpct/,http://s3.us-east-1.wasabisys.com/soilspectroscopy/ossl_models/bsat_usda.4b4_wpct/mir_mlr..eml_kssl_na_v1_resultsFit.txt,"Ensemble ML model to predict Base saturation, NH4OAc, pH7 using kssl data",,mpca_visnir_ossl_v1.rds,/soilspectroscopy/ossl_models/pca.ossl/,http://s3.us-east-1.wasabisys.com/soilspectroscopy/ossl_models/bsat_usda.4b4_wpct/ap.mir_mlr..eml_kssl_na_v1.rds.png,0.827,13.500,56018,/ossl_models/pca.ossl/mpca_mir_visnir_ossl_plot.rds,http://s3.us-east-1.wasabisys.com/soilspectroscopy/ossl_models/bsat_usda.4b4_wpct/mir_mlr..eml_kssl_na_v1.rds,,http://s3.us-east-1.wasabisys.com/soilspectroscopy/ossl_models/pca.ossl/
bsat_usda.4b4_wpct,"Base saturation, NH4OAc, pH7",https://soilspectroscopy.github.io/ossl-manual/database.html#bsat_usda.4b4_wpct,mir,kssl,ll,mir_mlr..eml_kssl_ll_v1.rds,/soilspectroscopy/ossl_models/bsat_usda.4b4_wpct/,http://s3.us-east-1.wasabisys.com/soilspectroscopy/ossl_models/bsat_usda.4b4_wpct/mir_mlr..eml_kssl_ll_v1_resultsFit.txt,"Ensemble ML model to predict Base saturation, NH4OAc, pH7 using kssl data",mpca_mir_ossl_v1.rds,,/soilspectroscopy/ossl_models/pca.ossl/,http://s3.us-east-1.wasabisys.com/soilspectroscopy/ossl_models/bsat_usda.4b4_wpct/ap.mir_mlr..eml_kssl_ll_v1.rds.png,0.836,13.600,29982,/ossl_models/pca.ossl/mpca_mir_visnir_ossl_plot.rds,http://s3.us-east-1.wasabisys.com/soilspectroscopy/ossl_models/bsat_usda.4b4_wpct/mir_mlr..eml_kssl_ll_v1.rds,,http://s3.us-east-1.wasabisys.com/soilspectroscopy/ossl_models/pca.ossl/mpca_mir_ossl_v1.rds
bsat_usda.4b4_wpct,"Base saturation, NH4OAc, pH7",https://soilspectroscopy.github.io/ossl-manual/database.html#bsat_usda.4b4_wpct,visnir,ossl,na,visnir_mlr..eml_ossl_na_v1.rds,/soilspectroscopy/ossl_models/bsat_usda.4b4_wpct/,http://s3.us-east-1.wasabisys.com/soilspectroscopy/ossl_models/bsat_usda.4b4_wpct/visnir_mlr..eml_ossl_na_v1_resultsFit.txt,"Ensemble ML model to predict Base saturation, NH4OAc, pH7 using ossl data",mpca_mir_kssl_v1.rds,,/soilspectroscopy/ossl_models/pca.ossl/,http://s3.us-east-1.wasabisys.com/soilspectroscopy/ossl_models/bsat_usda.4b4_wpct/ap.visnir_mlr..eml_ossl_na_v1.rds.png,0.583,20.700,26315,/ossl_models/pca.ossl/mpca_mir_visnir_ossl_plot.rds,http://s3.us-east-1.wasabisys.com/soilspectroscopy/ossl_models/bsat_usda.4b4_wpct/visnir_mlr..eml_ossl_na_v1.rds,,http://s3.us-east-1.wasabisys.com/soilspectroscopy/ossl_models/pca.ossl/mpca_mir_kssl_v1.rds
bsat_usda.4b4_wpct,"Base saturation, NH4OAc, pH7",https://soilspectroscopy.github.io/ossl-manual/database.html#bsat_usda.4b4_wpct,mir,ossl,ll,mir_mlr..eml_ossl_ll_v1.rds,/soilspectroscopy/ossl_models/bsat_usda.4b4_wpct/,http://s3.us-east-1.wasabisys.com/soilspectroscopy/ossl_models/bsat_usda.4b4_wpct/mir_mlr..eml_ossl_ll_v1_resultsFit.txt,"Ensemble ML model to predict Base saturation, NH4OAc, pH7 using ossl data",mpca_mir_kssl_v1.rds,,/soilspectroscopy/ossl_models/pca.ossl/,http://s3.us-east-1.wasabisys.com/soilspectroscopy/ossl_models/bsat_usda.4b4_wpct/ap.mir_mlr..eml_ossl_ll_v1.rds.png,0.681,24.700,33008,/ossl_models/pca.ossl/mpca_mir_visnir_ossl_plot.rds,http://s3.us-east-1.wasabisys.com/soilspectroscopy/ossl_models/bsat_usda.4b4_wpct/mir_mlr..eml_ossl_ll_v1.rds,,http://s3.us-east-1.wasabisys.com/soilspectroscopy/ossl_models/pca.ossl/mpca_mir_kssl_v1.rds
bsat_usda.4b4_wpct,"Base saturation, NH4OAc, pH7",https://soilspectroscopy.github.io/ossl-manual/database.html#bsat_usda.4b4_wpct,visnir.mir,ossl,ll,visnir.mir_mlr..eml_ossl_ll_v1.rds,/soilspectroscopy/ossl_models/bsat_usda.4b4_wpct/,http://s3.us-east-1.wasabisys.com/soilspectroscopy/ossl_models/bsat_usda.4b4_wpct/visnir.mir_mlr..eml_ossl_ll_v1_resultsFit.txt,"Ensemble ML model to predict Base saturation, NH4OAc, pH7 using ossl data",,mpca_visnir_ossl_v1.rds,/soilspectroscopy/ossl_models/pca.ossl/,http://s3.us-east-1.wasabisys.com/soilspectroscopy/ossl_models/bsat_usda.4b4_wpct/ap.visnir.mir_mlr..eml_ossl_ll_v1.rds.png,0.588,32.800,17009,/ossl_models/pca.ossl/mpca_mir_visnir_ossl_plot.rds,http://s3.us-east-1.wasabisys.com/soilspectroscopy/ossl_models/bsat_usda.4b4_wpct/visnir.mir_mlr..eml_ossl_ll_v1.rds,,http://s3.us-east-1.wasabisys.com/soilspectroscopy/ossl_models/pca.ossl/
bd.od_usda.3b2_gcm3,Bulk density fine earth over dry in t/m3,https://soilspectroscopy.github.io/ossl-manual/database.html#bd.od_usda.3b2_gcm3,mir,kssl,na,mir_mlr..eml_kssl_na_v1.rds,/soilspectroscopy/ossl_models/bd.od_usda.3b2_gcm3/,http://s3.us-east-1.wasabisys.com/soilspectroscopy/ossl_models/bd.od_usda.3b2_gcm3/mir_mlr..eml_kssl_na_v1_resultsFit.txt,Ensemble ML model to predict Bulk density fine earth over dry in t/m3 using kssl data,mpca_mir_ossl_v1.rds,,/soilspectroscopy/ossl_models/pca.ossl/,http://s3.us-east-1.wasabisys.com/soilspectroscopy/ossl_models/bd.od_usda.3b2_gcm3/ap.mir_mlr..eml_kssl_na_v1.rds.png,0.696,0.153,17714,/ossl_models/pca.ossl/mpca_mir_visnir_ossl_plot.rds,http://s3.us-east-1.wasabisys.com/soilspectroscopy/ossl_models/bd.od_usda.3b2_gcm3/mir_mlr..eml_kssl_na_v1.rds,,http://s3.us-east-1.wasabisys.com/soilspectroscopy/ossl_models/pca.ossl/mpca_mir_ossl_v1.rds
bd.od_usda.3b2_gcm3,Bulk density fine earth over dry in t/m3,https://soilspectroscopy.github.io/ossl-manual/database.html#bd.od_usda.3b2_gcm3,mir,kssl,ll,mir_mlr..eml_kssl_ll_v1.rds,/soilspectroscopy/ossl_models/bd.od_usda.3b2_gcm3/,http://s3.us-east-1.wasabisys.com/soilspectroscopy/ossl_models/bd.od_usda.3b2_gcm3/mir_mlr..eml_kssl_ll_v1_resultsFit.txt,Ensemble ML model to predict Bulk density fine earth over dry in t/m3 using kssl data,mpca_mir_kssl_v1.rds,,/soilspectroscopy/ossl_models/pca.ossl/,http://s3.us-east-1.wasabisys.com/soilspectroscopy/ossl_models/bd.od_usda.3b2_gcm3/ap.mir_mlr..eml_kssl_ll_v1.rds.png,0.682,0.156,15134,/ossl_models/pca.ossl/mpca_mir_visnir_ossl_plot.rds,http://s3.us-east-1.wasabisys.com/soilspectroscopy/ossl_models/bd.od_usda.3b2_gcm3/mir_mlr..eml_kssl_ll_v1.rds,,http://s3.us-east-1.wasabisys.com/soilspectroscopy/ossl_models/pca.ossl/mpca_mir_kssl_v1.rds
bd.od_usda.3b2_gcm3,Bulk density fine earth over dry in t/m3,https://soilspectroscopy.github.io/ossl-manual/database.html#bd.od_usda.3b2_gcm3,visnir,ossl,na,visnir_mlr..eml_ossl_na_v1.rds,/soilspectroscopy/ossl_models/bd.od_usda.3b2_gcm3/,http://s3.us-east-1.wasabisys.com/soilspectroscopy/ossl_models/bd.od_usda.3b2_gcm3/visnir_mlr..eml_ossl_na_v1_resultsFit.txt,Ensemble ML model to predict Bulk density fine earth over dry in t/m3 using ossl data,mpca_mir_kssl_v1.rds,,/soilspectroscopy/ossl_models/pca.ossl/,http://s3.us-east-1.wasabisys.com/soilspectroscopy/ossl_models/bd.od_usda.3b2_gcm3/ap.visnir_mlr..eml_ossl_na_v1.rds.png,0.587,0.185,7484,/ossl_models/pca.ossl/mpca_mir_visnir_ossl_plot.rds,http://s3.us-east-1.wasabisys.com/soilspectroscopy/ossl_models/bd.od_usda.3b2_gcm3/visnir_mlr..eml_ossl_na_v1.rds,,http://s3.us-east-1.wasabisys.com/soilspectroscopy/ossl_models/pca.ossl/mpca_mir_kssl_v1.rds
bd.od_usda.3b2_gcm3,Bulk density fine earth over dry in t/m3,https://soilspectroscopy.github.io/ossl-manual/database.html#bd.od_usda.3b2_gcm3,mir,ossl,ll,mir_mlr..eml_ossl_ll_v1.rds,/soilspectroscopy/ossl_models/bd.od_usda.3b2_gcm3/,http://s3.us-east-1.wasabisys.com/soilspectroscopy/ossl_models/bd.od_usda.3b2_gcm3/mir_mlr..eml_ossl_ll_v1_resultsFit.txt,Ensemble ML model to predict Bulk density fine earth over dry in t/m3 using ossl data,,mpca_visnir_ossl_v1.rds,/soilspectroscopy/ossl_models/pca.ossl/,http://s3.us-east-1.wasabisys.com/soilspectroscopy/ossl_models/bd.od_usda.3b2_gcm3/ap.mir_mlr..eml_ossl_ll_v1.rds.png,0.7,0.158,16296,/ossl_models/pca.ossl/mpca_mir_visnir_ossl_plot.rds,http://s3.us-east-1.wasabisys.com/soilspectroscopy/ossl_models/bd.od_usda.3b2_gcm3/mir_mlr..eml_ossl_ll_v1.rds,,http://s3.us-east-1.wasabisys.com/soilspectroscopy/ossl_models/pca.ossl/
bd.od_usda.3b2_gcm3,Bulk density fine earth over dry in t/m3,https://soilspectroscopy.github.io/ossl-manual/database.html#bd.od_usda.3b2_gcm3,visnir.mir,ossl,ll,visnir.mir_mlr..eml_ossl_ll_v1.rds,/soilspectroscopy/ossl_models/bd.od_usda.3b2_gcm3/,http://s3.us-east-1.wasabisys.com/soilspectroscopy/ossl_models/bd.od_usda.3b2_gcm3/visnir.mir_mlr..eml_ossl_ll_v1_resultsFit.txt,Ensemble ML model to predict Bulk density fine earth over dry in t/m3 using ossl data,mpca_mir_ossl_v1.rds,,/soilspectroscopy/ossl_models/pca.ossl/,http://s3.us-east-1.wasabisys.com/soilspectroscopy/ossl_models/bd.od_usda.3b2_gcm3/ap.visnir.mir_mlr..eml_ossl_ll_v1.rds.png,0.723,0.158,7272,/ossl_models/pca.ossl/mpca_mir_visnir_ossl_plot.rds,http://s3.us-east-1.wasabisys.com/soilspectroscopy/ossl_models/bd.od_usda.3b2_gcm3/visnir.mir_mlr..eml_ossl_ll_v1.rds,,http://s3.us-east-1.wasabisys.com/soilspectroscopy/ossl_models/pca.ossl/mpca_mir_ossl_v1.rds