soil_property,dataset,n_mir,n_neospectra,n_visnir
acidity_usda.a795_cmolc.kg,AFSIS1.SSL,0,0,0
acidity_usda.a795_cmolc.kg,AFSIS2.SSL,0,0,0
acidity_usda.a795_cmolc.kg,CAF.SSL,0,0,0
acidity_usda.a795_cmolc.kg,GARRETT.SSL,0,0,0
acidity_usda.a795_cmolc.kg,ICRAF.ISRIC,1511,0,1511
acidity_usda.a795_cmolc.kg,KSSL.SSL,28550,1576,0
acidity_usda.a795_cmolc.kg,LUCAS.SSL,0,0,0
acidity_usda.a795_cmolc.kg,LUCAS.WOODWELL.SSL,0,0,0
acidity_usda.a795_cmolc.kg,OSSL,30061,1576,1511
acidity_usda.a795_cmolc.kg,SCHIEDUNG.SSL,0,0,0
acidity_usda.a795_cmolc.kg,SERBIA.SSL,0,0,0
aggstb_usda.a1_w.pct,AFSIS1.SSL,0,0,0
aggstb_usda.a1_w.pct,AFSIS2.SSL,0,0,0
aggstb_usda.a1_w.pct,CAF.SSL,0,0,0
aggstb_usda.a1_w.pct,GARRETT.SSL,0,0,0
aggstb_usda.a1_w.pct,ICRAF.ISRIC,0,0,0
aggstb_usda.a1_w.pct,KSSL.SSL,3218,197,0
aggstb_usda.a1_w.pct,LUCAS.SSL,0,0,0
aggstb_usda.a1_w.pct,LUCAS.WOODWELL.SSL,0,0,0
aggstb_usda.a1_w.pct,OSSL,3218,197,0
aggstb_usda.a1_w.pct,SCHIEDUNG.SSL,0,0,0
aggstb_usda.a1_w.pct,SERBIA.SSL,0,0,0
al.dith_usda.a65_w.pct,AFSIS1.SSL,0,0,0
al.dith_usda.a65_w.pct,AFSIS2.SSL,0,0,0
al.dith_usda.a65_w.pct,CAF.SSL,0,0,0
al.dith_usda.a65_w.pct,GARRETT.SSL,0,0,0
al.dith_usda.a65_w.pct,ICRAF.ISRIC,0,0,0
al.dith_usda.a65_w.pct,KSSL.SSL,31135,1773,0
al.dith_usda.a65_w.pct,LUCAS.SSL,0,0,0
al.dith_usda.a65_w.pct,LUCAS.WOODWELL.SSL,0,0,0
al.dith_usda.a65_w.pct,OSSL,31135,1773,0
al.dith_usda.a65_w.pct,SCHIEDUNG.SSL,0,0,0
al.dith_usda.a65_w.pct,SERBIA.SSL,0,0,0
al.ext_aquaregia_g.kg,AFSIS1.SSL,0,0,0
al.ext_aquaregia_g.kg,AFSIS2.SSL,0,0,0
al.ext_aquaregia_g.kg,CAF.SSL,493,0,0
al.ext_aquaregia_g.kg,GARRETT.SSL,0,0,0
al.ext_aquaregia_g.kg,ICRAF.ISRIC,0,0,0
al.ext_aquaregia_g.kg,KSSL.SSL,0,0,0
al.ext_aquaregia_g.kg,LUCAS.SSL,0,0,0
al.ext_aquaregia_g.kg,LUCAS.WOODWELL.SSL,0,0,0
al.ext_aquaregia_g.kg,OSSL,493,0,0
al.ext_aquaregia_g.kg,SCHIEDUNG.SSL,0,0,0
al.ext_aquaregia_g.kg,SERBIA.SSL,0,0,0
al.ext_usda.a1056_mg.kg,AFSIS1.SSL,1904,0,0
al.ext_usda.a1056_mg.kg,AFSIS2.SSL,151,0,0
al.ext_usda.a1056_mg.kg,CAF.SSL,0,0,0
al.ext_usda.a1056_mg.kg,GARRETT.SSL,184,0,0
al.ext_usda.a1056_mg.kg,ICRAF.ISRIC,0,0,0
al.ext_usda.a1056_mg.kg,KSSL.SSL,1534,76,0
al.ext_usda.a1056_mg.kg,LUCAS.SSL,0,0,0
al.ext_usda.a1056_mg.kg,LUCAS.WOODWELL.SSL,0,0,0
al.ext_usda.a1056_mg.kg,OSSL,3773,76,0
al.ext_usda.a1056_mg.kg,SCHIEDUNG.SSL,0,0,0
al.ext_usda.a1056_mg.kg,SERBIA.SSL,0,0,0
al.ext_usda.a69_cmolc.kg,AFSIS1.SSL,0,0,0
al.ext_usda.a69_cmolc.kg,AFSIS2.SSL,0,0,0
al.ext_usda.a69_cmolc.kg,CAF.SSL,0,0,0
al.ext_usda.a69_cmolc.kg,GARRETT.SSL,0,0,0
al.ext_usda.a69_cmolc.kg,ICRAF.ISRIC,1541,0,1541
al.ext_usda.a69_cmolc.kg,KSSL.SSL,14169,716,0
al.ext_usda.a69_cmolc.kg,LUCAS.SSL,0,0,0
al.ext_usda.a69_cmolc.kg,LUCAS.WOODWELL.SSL,0,0,0
al.ext_usda.a69_cmolc.kg,OSSL,15710,716,1541
al.ext_usda.a69_cmolc.kg,SCHIEDUNG.SSL,0,0,0
al.ext_usda.a69_cmolc.kg,SERBIA.SSL,0,0,0
al.ox_usda.a59_w.pct,AFSIS1.SSL,0,0,0
al.ox_usda.a59_w.pct,AFSIS2.SSL,0,0,0
al.ox_usda.a59_w.pct,CAF.SSL,0,0,0
al.ox_usda.a59_w.pct,GARRETT.SSL,0,0,0
al.ox_usda.a59_w.pct,ICRAF.ISRIC,0,0,0
al.ox_usda.a59_w.pct,KSSL.SSL,28260,1354,0
al.ox_usda.a59_w.pct,LUCAS.SSL,0,0,0
al.ox_usda.a59_w.pct,LUCAS.WOODWELL.SSL,0,0,0
al.ox_usda.a59_w.pct,OSSL,28260,1354,0
al.ox_usda.a59_w.pct,SCHIEDUNG.SSL,0,0,0
al.ox_usda.a59_w.pct,SERBIA.SSL,0,0,0
awc.33.1500kPa_usda.c80_w.frac,AFSIS1.SSL,0,0,0
awc.33.1500kPa_usda.c80_w.frac,AFSIS2.SSL,0,0,0
awc.33.1500kPa_usda.c80_w.frac,CAF.SSL,0,0,0
awc.33.1500kPa_usda.c80_w.frac,GARRETT.SSL,0,0,0
awc.33.1500kPa_usda.c80_w.frac,ICRAF.ISRIC,0,0,0
awc.33.1500kPa_usda.c80_w.frac,KSSL.SSL,16175,931,0
awc.33.1500kPa_usda.c80_w.frac,LUCAS.SSL,0,0,0
awc.33.1500kPa_usda.c80_w.frac,LUCAS.WOODWELL.SSL,0,0,0
awc.33.1500kPa_usda.c80_w.frac,OSSL,16175,931,0
awc.33.1500kPa_usda.c80_w.frac,SCHIEDUNG.SSL,0,0,0
awc.33.1500kPa_usda.c80_w.frac,SERBIA.SSL,0,0,0
b.ext_mel3_mg.kg,AFSIS1.SSL,1902,0,0
b.ext_mel3_mg.kg,AFSIS2.SSL,7,0,0
b.ext_mel3_mg.kg,CAF.SSL,0,0,0
b.ext_mel3_mg.kg,GARRETT.SSL,184,0,0
b.ext_mel3_mg.kg,ICRAF.ISRIC,0,0,0
b.ext_mel3_mg.kg,KSSL.SSL,0,0,0
b.ext_mel3_mg.kg,LUCAS.SSL,0,0,0
b.ext_mel3_mg.kg,LUCAS.WOODWELL.SSL,0,0,0
b.ext_mel3_mg.kg,OSSL,2093,0,0
b.ext_mel3_mg.kg,SCHIEDUNG.SSL,0,0,0
b.ext_mel3_mg.kg,SERBIA.SSL,0,0,0
bd_usda.a4_g.cm3,AFSIS1.SSL,0,0,0
bd_usda.a4_g.cm3,AFSIS2.SSL,0,0,0
bd_usda.a4_g.cm3,CAF.SSL,0,0,0
bd_usda.a4_g.cm3,GARRETT.SSL,90,0,0
bd_usda.a4_g.cm3,ICRAF.ISRIC,999,0,999
bd_usda.a4_g.cm3,KSSL.SSL,40136,1085,19752
bd_usda.a4_g.cm3,LUCAS.SSL,0,0,0
bd_usda.a4_g.cm3,LUCAS.WOODWELL.SSL,0,0,0
bd_usda.a4_g.cm3,OSSL,41484,1085,20751
bd_usda.a4_g.cm3,SCHIEDUNG.SSL,259,0,0
bd_usda.a4_g.cm3,SERBIA.SSL,0,0,0
c.tot_usda.a622_w.pct,AFSIS1.SSL,1902,0,0
c.tot_usda.a622_w.pct,AFSIS2.SSL,151,0,0
c.tot_usda.a622_w.pct,CAF.SSL,1562,0,0
c.tot_usda.a622_w.pct,GARRETT.SSL,184,0,0
c.tot_usda.a622_w.pct,ICRAF.ISRIC,0,0,0
c.tot_usda.a622_w.pct,KSSL.SSL,76595,1976,19807
c.tot_usda.a622_w.pct,LUCAS.SSL,0,0,0
c.tot_usda.a622_w.pct,LUCAS.WOODWELL.SSL,0,0,0
c.tot_usda.a622_w.pct,OSSL,80698,1976,19807
c.tot_usda.a622_w.pct,SCHIEDUNG.SSL,259,0,0
c.tot_usda.a622_w.pct,SERBIA.SSL,45,0,0
ca.ext_aquaregia_mg.kg,AFSIS1.SSL,0,0,0
ca.ext_aquaregia_mg.kg,AFSIS2.SSL,0,0,0
ca.ext_aquaregia_mg.kg,CAF.SSL,493,0,0
ca.ext_aquaregia_mg.kg,GARRETT.SSL,0,0,0
ca.ext_aquaregia_mg.kg,ICRAF.ISRIC,0,0,0
ca.ext_aquaregia_mg.kg,KSSL.SSL,0,0,0
ca.ext_aquaregia_mg.kg,LUCAS.SSL,0,0,0
ca.ext_aquaregia_mg.kg,LUCAS.WOODWELL.SSL,0,0,0
ca.ext_aquaregia_mg.kg,OSSL,493,0,0
ca.ext_aquaregia_mg.kg,SCHIEDUNG.SSL,0,0,0
ca.ext_aquaregia_mg.kg,SERBIA.SSL,0,0,0
ca.ext_usda.a1059_mg.kg,AFSIS1.SSL,1904,0,0
ca.ext_usda.a1059_mg.kg,AFSIS2.SSL,151,0,0
ca.ext_usda.a1059_mg.kg,CAF.SSL,0,0,0
ca.ext_usda.a1059_mg.kg,GARRETT.SSL,184,0,0
ca.ext_usda.a1059_mg.kg,ICRAF.ISRIC,0,0,0
ca.ext_usda.a1059_mg.kg,KSSL.SSL,1534,76,0
ca.ext_usda.a1059_mg.kg,LUCAS.SSL,0,0,0
ca.ext_usda.a1059_mg.kg,LUCAS.WOODWELL.SSL,0,0,0
ca.ext_usda.a1059_mg.kg,OSSL,3773,76,0
ca.ext_usda.a1059_mg.kg,SCHIEDUNG.SSL,0,0,0
ca.ext_usda.a1059_mg.kg,SERBIA.SSL,0,0,0
ca.ext_usda.a722_cmolc.kg,AFSIS1.SSL,0,0,0
ca.ext_usda.a722_cmolc.kg,AFSIS2.SSL,0,0,0
ca.ext_usda.a722_cmolc.kg,CAF.SSL,0,0,0
ca.ext_usda.a722_cmolc.kg,GARRETT.SSL,183,0,0
ca.ext_usda.a722_cmolc.kg,ICRAF.ISRIC,3670,0,3672
ca.ext_usda.a722_cmolc.kg,KSSL.SSL,53232,1976,51
ca.ext_usda.a722_cmolc.kg,LUCAS.SSL,0,0,0
ca.ext_usda.a722_cmolc.kg,LUCAS.WOODWELL.SSL,0,0,0
ca.ext_usda.a722_cmolc.kg,OSSL,57085,1976,3723
ca.ext_usda.a722_cmolc.kg,SCHIEDUNG.SSL,0,0,0
ca.ext_usda.a722_cmolc.kg,SERBIA.SSL,0,0,0
caco3_usda.a54_w.pct,AFSIS1.SSL,0,0,0
caco3_usda.a54_w.pct,AFSIS2.SSL,0,0,0
caco3_usda.a54_w.pct,CAF.SSL,0,0,0
caco3_usda.a54_w.pct,GARRETT.SSL,0,0,0
caco3_usda.a54_w.pct,ICRAF.ISRIC,1115,0,1117
caco3_usda.a54_w.pct,KSSL.SSL,27476,665,9213
caco3_usda.a54_w.pct,LUCAS.SSL,0,0,40175
caco3_usda.a54_w.pct,LUCAS.WOODWELL.SSL,589,0,589
caco3_usda.a54_w.pct,OSSL,29225,665,51094
caco3_usda.a54_w.pct,SCHIEDUNG.SSL,0,0,0
caco3_usda.a54_w.pct,SERBIA.SSL,45,0,0
cec_usda.a723_cmolc.kg,AFSIS1.SSL,0,0,0
cec_usda.a723_cmolc.kg,AFSIS2.SSL,0,0,0
cec_usda.a723_cmolc.kg,CAF.SSL,0,0,0
cec_usda.a723_cmolc.kg,GARRETT.SSL,183,0,0
cec_usda.a723_cmolc.kg,ICRAF.ISRIC,3652,0,3654
cec_usda.a723_cmolc.kg,KSSL.SSL,53227,1976,51
cec_usda.a723_cmolc.kg,LUCAS.SSL,0,0,18393
cec_usda.a723_cmolc.kg,LUCAS.WOODWELL.SSL,589,0,589
cec_usda.a723_cmolc.kg,OSSL,57651,1976,22687
cec_usda.a723_cmolc.kg,SCHIEDUNG.SSL,0,0,0
cec_usda.a723_cmolc.kg,SERBIA.SSL,0,0,0
cf_usda.c236_w.pct,AFSIS1.SSL,0,0,0
cf_usda.c236_w.pct,AFSIS2.SSL,0,0,0
cf_usda.c236_w.pct,CAF.SSL,0,0,0
cf_usda.c236_w.pct,GARRETT.SSL,0,0,0
cf_usda.c236_w.pct,ICRAF.ISRIC,0,0,0
cf_usda.c236_w.pct,KSSL.SSL,55881,1969,0
cf_usda.c236_w.pct,LUCAS.SSL,0,0,22648
cf_usda.c236_w.pct,LUCAS.WOODWELL.SSL,589,0,589
cf_usda.c236_w.pct,OSSL,56470,1969,23237
cf_usda.c236_w.pct,SCHIEDUNG.SSL,0,0,0
cf_usda.c236_w.pct,SERBIA.SSL,0,0,0
clay.tot_usda.a334_w.pct,AFSIS1.SSL,1896,0,0
clay.tot_usda.a334_w.pct,AFSIS2.SSL,0,0,0
clay.tot_usda.a334_w.pct,CAF.SSL,511,0,0
clay.tot_usda.a334_w.pct,GARRETT.SSL,142,0,0
clay.tot_usda.a334_w.pct,ICRAF.ISRIC,3738,0,3740
clay.tot_usda.a334_w.pct,KSSL.SSL,50007,1976,166
clay.tot_usda.a334_w.pct,LUCAS.SSL,0,0,22650
clay.tot_usda.a334_w.pct,LUCAS.WOODWELL.SSL,589,0,589
clay.tot_usda.a334_w.pct,OSSL,57268,1976,27145
clay.tot_usda.a334_w.pct,SCHIEDUNG.SSL,250,0,0
clay.tot_usda.a334_w.pct,SERBIA.SSL,135,0,0
cu.ext_usda.a1063_mg.kg,AFSIS1.SSL,1904,0,0
cu.ext_usda.a1063_mg.kg,AFSIS2.SSL,150,0,0
cu.ext_usda.a1063_mg.kg,CAF.SSL,0,0,0
cu.ext_usda.a1063_mg.kg,GARRETT.SSL,184,0,0
cu.ext_usda.a1063_mg.kg,ICRAF.ISRIC,0,0,0
cu.ext_usda.a1063_mg.kg,KSSL.SSL,1534,76,0
cu.ext_usda.a1063_mg.kg,LUCAS.SSL,0,0,0
cu.ext_usda.a1063_mg.kg,LUCAS.WOODWELL.SSL,0,0,0
cu.ext_usda.a1063_mg.kg,OSSL,3772,76,0
cu.ext_usda.a1063_mg.kg,SCHIEDUNG.SSL,0,0,0
cu.ext_usda.a1063_mg.kg,SERBIA.SSL,0,0,0
dataset.code_ascii_txt,AFSIS1.SSL,1904,0,0
dataset.code_ascii_txt,AFSIS2.SSL,151,0,0
dataset.code_ascii_txt,CAF.SSL,1578,0,0
dataset.code_ascii_txt,GARRETT.SSL,184,0,0
dataset.code_ascii_txt,ICRAF.ISRIC,4071,0,4073
dataset.code_ascii_txt,KSSL.SSL,76813,1976,19807
dataset.code_ascii_txt,LUCAS.SSL,0,0,40175
dataset.code_ascii_txt,LUCAS.WOODWELL.SSL,589,0,589
dataset.code_ascii_txt,OSSL,85684,1976,64644
dataset.code_ascii_txt,SCHIEDUNG.SSL,259,0,0
dataset.code_ascii_txt,SERBIA.SSL,135,0,0
ec_usda.a364_ds.m,AFSIS1.SSL,1904,0,0
ec_usda.a364_ds.m,AFSIS2.SSL,0,0,0
ec_usda.a364_ds.m,CAF.SSL,0,0,0
ec_usda.a364_ds.m,GARRETT.SSL,0,0,0
ec_usda.a364_ds.m,ICRAF.ISRIC,0,0,0
ec_usda.a364_ds.m,KSSL.SSL,31886,942,51
ec_usda.a364_ds.m,LUCAS.SSL,0,0,21782
ec_usda.a364_ds.m,LUCAS.WOODWELL.SSL,0,0,0
ec_usda.a364_ds.m,OSSL,34040,942,21833
ec_usda.a364_ds.m,SCHIEDUNG.SSL,250,0,0
ec_usda.a364_ds.m,SERBIA.SSL,0,0,0
efferv_usda.a479_class,AFSIS1.SSL,0,0,0
efferv_usda.a479_class,AFSIS2.SSL,0,0,0
efferv_usda.a479_class,CAF.SSL,0,0,0
efferv_usda.a479_class,GARRETT.SSL,0,0,0
efferv_usda.a479_class,ICRAF.ISRIC,0,0,0
efferv_usda.a479_class,KSSL.SSL,74016,1973,19800
efferv_usda.a479_class,LUCAS.SSL,0,0,0
efferv_usda.a479_class,LUCAS.WOODWELL.SSL,0,0,0
efferv_usda.a479_class,OSSL,74016,1973,19800
efferv_usda.a479_class,SCHIEDUNG.SSL,0,0,0
efferv_usda.a479_class,SERBIA.SSL,0,0,0
fe.dith_usda.a66_w.pct,AFSIS1.SSL,0,0,0
fe.dith_usda.a66_w.pct,AFSIS2.SSL,0,0,0
fe.dith_usda.a66_w.pct,CAF.SSL,0,0,0
fe.dith_usda.a66_w.pct,GARRETT.SSL,0,0,0
fe.dith_usda.a66_w.pct,ICRAF.ISRIC,0,0,0
fe.dith_usda.a66_w.pct,KSSL.SSL,31138,1773,0
fe.dith_usda.a66_w.pct,LUCAS.SSL,0,0,0
fe.dith_usda.a66_w.pct,LUCAS.WOODWELL.SSL,0,0,0
fe.dith_usda.a66_w.pct,OSSL,31138,1773,0
fe.dith_usda.a66_w.pct,SCHIEDUNG.SSL,0,0,0
fe.dith_usda.a66_w.pct,SERBIA.SSL,0,0,0
fe.ext_aquaregia_g.kg,AFSIS1.SSL,0,0,0
fe.ext_aquaregia_g.kg,AFSIS2.SSL,0,0,0
fe.ext_aquaregia_g.kg,CAF.SSL,493,0,0
fe.ext_aquaregia_g.kg,GARRETT.SSL,0,0,0
fe.ext_aquaregia_g.kg,ICRAF.ISRIC,0,0,0
fe.ext_aquaregia_g.kg,KSSL.SSL,0,0,0
fe.ext_aquaregia_g.kg,LUCAS.SSL,0,0,0
fe.ext_aquaregia_g.kg,LUCAS.WOODWELL.SSL,0,0,0
fe.ext_aquaregia_g.kg,OSSL,493,0,0
fe.ext_aquaregia_g.kg,SCHIEDUNG.SSL,0,0,0
fe.ext_aquaregia_g.kg,SERBIA.SSL,0,0,0
fe.ext_usda.a1064_mg.kg,AFSIS1.SSL,1904,0,0
fe.ext_usda.a1064_mg.kg,AFSIS2.SSL,151,0,0
fe.ext_usda.a1064_mg.kg,CAF.SSL,0,0,0
fe.ext_usda.a1064_mg.kg,GARRETT.SSL,184,0,0
fe.ext_usda.a1064_mg.kg,ICRAF.ISRIC,0,0,0
fe.ext_usda.a1064_mg.kg,KSSL.SSL,1534,76,0
fe.ext_usda.a1064_mg.kg,LUCAS.SSL,0,0,0
fe.ext_usda.a1064_mg.kg,LUCAS.WOODWELL.SSL,0,0,0
fe.ext_usda.a1064_mg.kg,OSSL,3773,76,0
fe.ext_usda.a1064_mg.kg,SCHIEDUNG.SSL,0,0,0
fe.ext_usda.a1064_mg.kg,SERBIA.SSL,0,0,0
fe.ox_usda.a60_w.pct,AFSIS1.SSL,0,0,0
fe.ox_usda.a60_w.pct,AFSIS2.SSL,0,0,0
fe.ox_usda.a60_w.pct,CAF.SSL,0,0,0
fe.ox_usda.a60_w.pct,GARRETT.SSL,0,0,0
fe.ox_usda.a60_w.pct,ICRAF.ISRIC,0,0,0
fe.ox_usda.a60_w.pct,KSSL.SSL,28259,1354,0
fe.ox_usda.a60_w.pct,LUCAS.SSL,0,0,0
fe.ox_usda.a60_w.pct,LUCAS.WOODWELL.SSL,0,0,0
fe.ox_usda.a60_w.pct,OSSL,28259,1354,0
fe.ox_usda.a60_w.pct,SCHIEDUNG.SSL,0,0,0
fe.ox_usda.a60_w.pct,SERBIA.SSL,0,0,0
id.layer_uuid_txt,AFSIS1.SSL,1904,0,0
id.layer_uuid_txt,AFSIS2.SSL,151,0,0
id.layer_uuid_txt,CAF.SSL,1578,0,0
id.layer_uuid_txt,GARRETT.SSL,184,0,0
id.layer_uuid_txt,ICRAF.ISRIC,4071,0,4073
id.layer_uuid_txt,KSSL.SSL,76813,1976,19807
id.layer_uuid_txt,LUCAS.SSL,0,0,40175
id.layer_uuid_txt,LUCAS.WOODWELL.SSL,589,0,589
id.layer_uuid_txt,OSSL,85684,1976,64644
id.layer_uuid_txt,SCHIEDUNG.SSL,259,0,0
id.layer_uuid_txt,SERBIA.SSL,135,0,0
k.ext_aquaregia_mg.kg,AFSIS1.SSL,0,0,0
k.ext_aquaregia_mg.kg,AFSIS2.SSL,0,0,0
k.ext_aquaregia_mg.kg,CAF.SSL,493,0,0
k.ext_aquaregia_mg.kg,GARRETT.SSL,0,0,0
k.ext_aquaregia_mg.kg,ICRAF.ISRIC,0,0,0
k.ext_aquaregia_mg.kg,KSSL.SSL,0,0,0
k.ext_aquaregia_mg.kg,LUCAS.SSL,0,0,0
k.ext_aquaregia_mg.kg,LUCAS.WOODWELL.SSL,0,0,0
k.ext_aquaregia_mg.kg,OSSL,493,0,0
k.ext_aquaregia_mg.kg,SCHIEDUNG.SSL,0,0,0
k.ext_aquaregia_mg.kg,SERBIA.SSL,0,0,0
k.ext_usda.a1065_mg.kg,AFSIS1.SSL,1904,0,0
k.ext_usda.a1065_mg.kg,AFSIS2.SSL,150,0,0
k.ext_usda.a1065_mg.kg,CAF.SSL,0,0,0
k.ext_usda.a1065_mg.kg,GARRETT.SSL,184,0,0
k.ext_usda.a1065_mg.kg,ICRAF.ISRIC,0,0,0
k.ext_usda.a1065_mg.kg,KSSL.SSL,1534,76,0
k.ext_usda.a1065_mg.kg,LUCAS.SSL,0,0,0
k.ext_usda.a1065_mg.kg,LUCAS.WOODWELL.SSL,0,0,0
k.ext_usda.a1065_mg.kg,OSSL,3772,76,0
k.ext_usda.a1065_mg.kg,SCHIEDUNG.SSL,0,0,0
k.ext_usda.a1065_mg.kg,SERBIA.SSL,0,0,0
k.ext_usda.a725_cmolc.kg,AFSIS1.SSL,0,0,0
k.ext_usda.a725_cmolc.kg,AFSIS2.SSL,0,0,0
k.ext_usda.a725_cmolc.kg,CAF.SSL,0,0,0
k.ext_usda.a725_cmolc.kg,GARRETT.SSL,183,0,0
k.ext_usda.a725_cmolc.kg,ICRAF.ISRIC,3672,0,3674
k.ext_usda.a725_cmolc.kg,KSSL.SSL,53230,1976,51
k.ext_usda.a725_cmolc.kg,LUCAS.SSL,0,0,40175
k.ext_usda.a725_cmolc.kg,LUCAS.WOODWELL.SSL,589,0,589
k.ext_usda.a725_cmolc.kg,OSSL,57674,1976,44489
k.ext_usda.a725_cmolc.kg,SCHIEDUNG.SSL,0,0,0
k.ext_usda.a725_cmolc.kg,SERBIA.SSL,0,0,0
mg.ext_aquaregia_mg.kg,AFSIS1.SSL,0,0,0
mg.ext_aquaregia_mg.kg,AFSIS2.SSL,0,0,0
mg.ext_aquaregia_mg.kg,CAF.SSL,493,0,0
mg.ext_aquaregia_mg.kg,GARRETT.SSL,0,0,0
mg.ext_aquaregia_mg.kg,ICRAF.ISRIC,0,0,0
mg.ext_aquaregia_mg.kg,KSSL.SSL,0,0,0
mg.ext_aquaregia_mg.kg,LUCAS.SSL,0,0,0
mg.ext_aquaregia_mg.kg,LUCAS.WOODWELL.SSL,0,0,0
mg.ext_aquaregia_mg.kg,OSSL,493,0,0
mg.ext_aquaregia_mg.kg,SCHIEDUNG.SSL,0,0,0
mg.ext_aquaregia_mg.kg,SERBIA.SSL,0,0,0
mg.ext_usda.a1066_mg.kg,AFSIS1.SSL,1904,0,0
mg.ext_usda.a1066_mg.kg,AFSIS2.SSL,151,0,0
mg.ext_usda.a1066_mg.kg,CAF.SSL,0,0,0
mg.ext_usda.a1066_mg.kg,GARRETT.SSL,184,0,0
mg.ext_usda.a1066_mg.kg,ICRAF.ISRIC,0,0,0
mg.ext_usda.a1066_mg.kg,KSSL.SSL,1534,76,0
mg.ext_usda.a1066_mg.kg,LUCAS.SSL,0,0,0
mg.ext_usda.a1066_mg.kg,LUCAS.WOODWELL.SSL,0,0,0
mg.ext_usda.a1066_mg.kg,OSSL,3773,76,0
mg.ext_usda.a1066_mg.kg,SCHIEDUNG.SSL,0,0,0
mg.ext_usda.a1066_mg.kg,SERBIA.SSL,0,0,0
mg.ext_usda.a724_cmolc.kg,AFSIS1.SSL,0,0,0
mg.ext_usda.a724_cmolc.kg,AFSIS2.SSL,0,0,0
mg.ext_usda.a724_cmolc.kg,CAF.SSL,0,0,0
mg.ext_usda.a724_cmolc.kg,GARRETT.SSL,183,0,0
mg.ext_usda.a724_cmolc.kg,ICRAF.ISRIC,3678,0,3680
mg.ext_usda.a724_cmolc.kg,KSSL.SSL,53232,1976,51
mg.ext_usda.a724_cmolc.kg,LUCAS.SSL,0,0,0
mg.ext_usda.a724_cmolc.kg,LUCAS.WOODWELL.SSL,0,0,0
mg.ext_usda.a724_cmolc.kg,OSSL,57093,1976,3731
mg.ext_usda.a724_cmolc.kg,SCHIEDUNG.SSL,0,0,0
mg.ext_usda.a724_cmolc.kg,SERBIA.SSL,0,0,0
mn.ext_aquaregia_mg.kg,AFSIS1.SSL,0,0,0
mn.ext_aquaregia_mg.kg,AFSIS2.SSL,0,0,0
mn.ext_aquaregia_mg.kg,CAF.SSL,493,0,0
mn.ext_aquaregia_mg.kg,GARRETT.SSL,0,0,0
mn.ext_aquaregia_mg.kg,ICRAF.ISRIC,0,0,0
mn.ext_aquaregia_mg.kg,KSSL.SSL,0,0,0
mn.ext_aquaregia_mg.kg,LUCAS.SSL,0,0,0
mn.ext_aquaregia_mg.kg,LUCAS.WOODWELL.SSL,0,0,0
mn.ext_aquaregia_mg.kg,OSSL,493,0,0
mn.ext_aquaregia_mg.kg,SCHIEDUNG.SSL,0,0,0
mn.ext_aquaregia_mg.kg,SERBIA.SSL,0,0,0
mn.ext_usda.a1067_mg.kg,AFSIS1.SSL,1904,0,0
mn.ext_usda.a1067_mg.kg,AFSIS2.SSL,151,0,0
mn.ext_usda.a1067_mg.kg,CAF.SSL,0,0,0
mn.ext_usda.a1067_mg.kg,GARRETT.SSL,183,0,0
mn.ext_usda.a1067_mg.kg,ICRAF.ISRIC,0,0,0
mn.ext_usda.a1067_mg.kg,KSSL.SSL,1534,76,0
mn.ext_usda.a1067_mg.kg,LUCAS.SSL,0,0,0
mn.ext_usda.a1067_mg.kg,LUCAS.WOODWELL.SSL,0,0,0
mn.ext_usda.a1067_mg.kg,OSSL,3772,76,0
mn.ext_usda.a1067_mg.kg,SCHIEDUNG.SSL,0,0,0
mn.ext_usda.a1067_mg.kg,SERBIA.SSL,0,0,0
mn.ext_usda.a70_mg.kg,AFSIS1.SSL,0,0,0
mn.ext_usda.a70_mg.kg,AFSIS2.SSL,0,0,0
mn.ext_usda.a70_mg.kg,CAF.SSL,0,0,0
mn.ext_usda.a70_mg.kg,GARRETT.SSL,0,0,0
mn.ext_usda.a70_mg.kg,ICRAF.ISRIC,0,0,0
mn.ext_usda.a70_mg.kg,KSSL.SSL,14166,716,0
mn.ext_usda.a70_mg.kg,LUCAS.SSL,0,0,0
mn.ext_usda.a70_mg.kg,LUCAS.WOODWELL.SSL,0,0,0
mn.ext_usda.a70_mg.kg,OSSL,14166,716,0
mn.ext_usda.a70_mg.kg,SCHIEDUNG.SSL,0,0,0
mn.ext_usda.a70_mg.kg,SERBIA.SSL,0,0,0
n.tot_usda.a623_w.pct,AFSIS1.SSL,1902,0,0
n.tot_usda.a623_w.pct,AFSIS2.SSL,151,0,0
n.tot_usda.a623_w.pct,CAF.SSL,1578,0,0
n.tot_usda.a623_w.pct,GARRETT.SSL,184,0,0
n.tot_usda.a623_w.pct,ICRAF.ISRIC,0,0,0
n.tot_usda.a623_w.pct,KSSL.SSL,76594,1976,19806
n.tot_usda.a623_w.pct,LUCAS.SSL,0,0,40175
n.tot_usda.a623_w.pct,LUCAS.WOODWELL.SSL,589,0,589
n.tot_usda.a623_w.pct,OSSL,81282,1976,60570
n.tot_usda.a623_w.pct,SCHIEDUNG.SSL,239,0,0
n.tot_usda.a623_w.pct,SERBIA.SSL,45,0,0
na.ext_aquaregia_mg.kg,AFSIS1.SSL,0,0,0
na.ext_aquaregia_mg.kg,AFSIS2.SSL,0,0,0
na.ext_aquaregia_mg.kg,CAF.SSL,493,0,0
na.ext_aquaregia_mg.kg,GARRETT.SSL,0,0,0
na.ext_aquaregia_mg.kg,ICRAF.ISRIC,0,0,0
na.ext_aquaregia_mg.kg,KSSL.SSL,0,0,0
na.ext_aquaregia_mg.kg,LUCAS.SSL,0,0,0
na.ext_aquaregia_mg.kg,LUCAS.WOODWELL.SSL,0,0,0
na.ext_aquaregia_mg.kg,OSSL,493,0,0
na.ext_aquaregia_mg.kg,SCHIEDUNG.SSL,0,0,0
na.ext_aquaregia_mg.kg,SERBIA.SSL,0,0,0
na.ext_usda.a1068_mg.kg,AFSIS1.SSL,1898,0,0
na.ext_usda.a1068_mg.kg,AFSIS2.SSL,0,0,0
na.ext_usda.a1068_mg.kg,CAF.SSL,0,0,0
na.ext_usda.a1068_mg.kg,GARRETT.SSL,184,0,0
na.ext_usda.a1068_mg.kg,ICRAF.ISRIC,0,0,0
na.ext_usda.a1068_mg.kg,KSSL.SSL,1534,76,0
na.ext_usda.a1068_mg.kg,LUCAS.SSL,0,0,0
na.ext_usda.a1068_mg.kg,LUCAS.WOODWELL.SSL,0,0,0
na.ext_usda.a1068_mg.kg,OSSL,3616,76,0
na.ext_usda.a1068_mg.kg,SCHIEDUNG.SSL,0,0,0
na.ext_usda.a1068_mg.kg,SERBIA.SSL,0,0,0
na.ext_usda.a726_cmolc.kg,AFSIS1.SSL,0,0,0
na.ext_usda.a726_cmolc.kg,AFSIS2.SSL,0,0,0
na.ext_usda.a726_cmolc.kg,CAF.SSL,0,0,0
na.ext_usda.a726_cmolc.kg,GARRETT.SSL,183,0,0
na.ext_usda.a726_cmolc.kg,ICRAF.ISRIC,3662,0,3664
na.ext_usda.a726_cmolc.kg,KSSL.SSL,53230,1976,51
na.ext_usda.a726_cmolc.kg,LUCAS.SSL,0,0,0
na.ext_usda.a726_cmolc.kg,LUCAS.WOODWELL.SSL,0,0,0
na.ext_usda.a726_cmolc.kg,OSSL,57075,1976,3715
na.ext_usda.a726_cmolc.kg,SCHIEDUNG.SSL,0,0,0
na.ext_usda.a726_cmolc.kg,SERBIA.SSL,0,0,0
oc_usda.c729_w.pct,AFSIS1.SSL,1902,0,0
oc_usda.c729_w.pct,AFSIS2.SSL,151,0,0
oc_usda.c729_w.pct,CAF.SSL,0,0,0
oc_usda.c729_w.pct,GARRETT.SSL,0,0,0
oc_usda.c729_w.pct,ICRAF.ISRIC,3698,0,3700
oc_usda.c729_w.pct,KSSL.SSL,75929,1974,19747
oc_usda.c729_w.pct,LUCAS.SSL,0,0,40175
oc_usda.c729_w.pct,LUCAS.WOODWELL.SSL,589,0,589
oc_usda.c729_w.pct,OSSL,82573,1974,64211
oc_usda.c729_w.pct,SCHIEDUNG.SSL,259,0,0
oc_usda.c729_w.pct,SERBIA.SSL,45,0,0
p.ext_aquaregia_mg.kg,AFSIS1.SSL,0,0,0
p.ext_aquaregia_mg.kg,AFSIS2.SSL,0,0,0
p.ext_aquaregia_mg.kg,CAF.SSL,493,0,0
p.ext_aquaregia_mg.kg,GARRETT.SSL,0,0,0
p.ext_aquaregia_mg.kg,ICRAF.ISRIC,0,0,0
p.ext_aquaregia_mg.kg,KSSL.SSL,0,0,0
p.ext_aquaregia_mg.kg,LUCAS.SSL,0,0,0
p.ext_aquaregia_mg.kg,LUCAS.WOODWELL.SSL,0,0,0
p.ext_aquaregia_mg.kg,OSSL,493,0,0
p.ext_aquaregia_mg.kg,SCHIEDUNG.SSL,0,0,0
p.ext_aquaregia_mg.kg,SERBIA.SSL,0,0,0
p.ext_usda.a1070_mg.kg,AFSIS1.SSL,1904,0,0
p.ext_usda.a1070_mg.kg,AFSIS2.SSL,0,0,0
p.ext_usda.a1070_mg.kg,CAF.SSL,0,0,0
p.ext_usda.a1070_mg.kg,GARRETT.SSL,184,0,0
p.ext_usda.a1070_mg.kg,ICRAF.ISRIC,0,0,0
p.ext_usda.a1070_mg.kg,KSSL.SSL,25602,754,0
p.ext_usda.a1070_mg.kg,LUCAS.SSL,0,0,0
p.ext_usda.a1070_mg.kg,LUCAS.WOODWELL.SSL,0,0,0
p.ext_usda.a1070_mg.kg,OSSL,27690,754,0
p.ext_usda.a1070_mg.kg,SCHIEDUNG.SSL,0,0,0
p.ext_usda.a1070_mg.kg,SERBIA.SSL,0,0,0
p.ext_usda.a270_mg.kg,AFSIS1.SSL,0,0,0
p.ext_usda.a270_mg.kg,AFSIS2.SSL,0,0,0
p.ext_usda.a270_mg.kg,CAF.SSL,0,0,0
p.ext_usda.a270_mg.kg,GARRETT.SSL,136,0,0
p.ext_usda.a270_mg.kg,ICRAF.ISRIC,0,0,0
p.ext_usda.a270_mg.kg,KSSL.SSL,7146,266,0
p.ext_usda.a270_mg.kg,LUCAS.SSL,0,0,0
p.ext_usda.a270_mg.kg,LUCAS.WOODWELL.SSL,0,0,0
p.ext_usda.a270_mg.kg,OSSL,7282,266,0
p.ext_usda.a270_mg.kg,SCHIEDUNG.SSL,0,0,0
p.ext_usda.a270_mg.kg,SERBIA.SSL,0,0,0
p.ext_usda.a274_mg.kg,AFSIS1.SSL,0,0,0
p.ext_usda.a274_mg.kg,AFSIS2.SSL,0,0,0
p.ext_usda.a274_mg.kg,CAF.SSL,0,0,0
p.ext_usda.a274_mg.kg,GARRETT.SSL,136,0,0
p.ext_usda.a274_mg.kg,ICRAF.ISRIC,0,0,0
p.ext_usda.a274_mg.kg,KSSL.SSL,15359,281,0
p.ext_usda.a274_mg.kg,LUCAS.SSL,0,0,40175
p.ext_usda.a274_mg.kg,LUCAS.WOODWELL.SSL,589,0,589
p.ext_usda.a274_mg.kg,OSSL,16084,281,40764
p.ext_usda.a274_mg.kg,SCHIEDUNG.SSL,0,0,0
p.ext_usda.a274_mg.kg,SERBIA.SSL,0,0,0
ph.cacl2_usda.a481_index,AFSIS1.SSL,0,0,0
ph.cacl2_usda.a481_index,AFSIS2.SSL,0,0,0
ph.cacl2_usda.a481_index,CAF.SSL,0,0,0
ph.cacl2_usda.a481_index,GARRETT.SSL,0,0,0
ph.cacl2_usda.a481_index,ICRAF.ISRIC,34,0,34
ph.cacl2_usda.a481_index,KSSL.SSL,52946,1976,50
ph.cacl2_usda.a481_index,LUCAS.SSL,0,0,40175
ph.cacl2_usda.a481_index,LUCAS.WOODWELL.SSL,589,0,589
ph.cacl2_usda.a481_index,OSSL,53819,1976,40848
ph.cacl2_usda.a481_index,SCHIEDUNG.SSL,250,0,0
ph.cacl2_usda.a481_index,SERBIA.SSL,0,0,0
ph.h2o_usda.a268_index,AFSIS1.SSL,1904,0,0
ph.h2o_usda.a268_index,AFSIS2.SSL,151,0,0
ph.h2o_usda.a268_index,CAF.SSL,483,0,0
ph.h2o_usda.a268_index,GARRETT.SSL,184,0,0
ph.h2o_usda.a268_index,ICRAF.ISRIC,3774,0,3776
ph.h2o_usda.a268_index,KSSL.SSL,52867,1976,50
ph.h2o_usda.a268_index,LUCAS.SSL,0,0,40175
ph.h2o_usda.a268_index,LUCAS.WOODWELL.SSL,589,0,589
ph.h2o_usda.a268_index,OSSL,59997,1976,44590
ph.h2o_usda.a268_index,SCHIEDUNG.SSL,0,0,0
ph.h2o_usda.a268_index,SERBIA.SSL,45,0,0
s.ext_mel3_mg.kg,AFSIS1.SSL,1902,0,0
s.ext_mel3_mg.kg,AFSIS2.SSL,151,0,0
s.ext_mel3_mg.kg,CAF.SSL,0,0,0
s.ext_mel3_mg.kg,GARRETT.SSL,0,0,0
s.ext_mel3_mg.kg,ICRAF.ISRIC,0,0,0
s.ext_mel3_mg.kg,KSSL.SSL,0,0,0
s.ext_mel3_mg.kg,LUCAS.SSL,0,0,0
s.ext_mel3_mg.kg,LUCAS.WOODWELL.SSL,0,0,0
s.ext_mel3_mg.kg,OSSL,2053,0,0
s.ext_mel3_mg.kg,SCHIEDUNG.SSL,0,0,0
s.ext_mel3_mg.kg,SERBIA.SSL,0,0,0
s.tot_usda.a624_w.pct,AFSIS1.SSL,0,0,0
s.tot_usda.a624_w.pct,AFSIS2.SSL,0,0,0
s.tot_usda.a624_w.pct,CAF.SSL,0,0,0
s.tot_usda.a624_w.pct,GARRETT.SSL,0,0,0
s.tot_usda.a624_w.pct,ICRAF.ISRIC,0,0,0
s.tot_usda.a624_w.pct,KSSL.SSL,76592,1976,19807
s.tot_usda.a624_w.pct,LUCAS.SSL,0,0,0
s.tot_usda.a624_w.pct,LUCAS.WOODWELL.SSL,0,0,0
s.tot_usda.a624_w.pct,OSSL,76592,1976,19807
s.tot_usda.a624_w.pct,SCHIEDUNG.SSL,0,0,0
s.tot_usda.a624_w.pct,SERBIA.SSL,0,0,0
sand.tot_usda.c60_w.pct,AFSIS1.SSL,1891,0,0
sand.tot_usda.c60_w.pct,AFSIS2.SSL,0,0,0
sand.tot_usda.c60_w.pct,CAF.SSL,464,0,0
sand.tot_usda.c60_w.pct,GARRETT.SSL,142,0,0
sand.tot_usda.c60_w.pct,ICRAF.ISRIC,3679,0,3681
sand.tot_usda.c60_w.pct,KSSL.SSL,50012,1976,166
sand.tot_usda.c60_w.pct,LUCAS.SSL,0,0,22650
sand.tot_usda.c60_w.pct,LUCAS.WOODWELL.SSL,589,0,589
sand.tot_usda.c60_w.pct,OSSL,57162,1976,27086
sand.tot_usda.c60_w.pct,SCHIEDUNG.SSL,250,0,0
sand.tot_usda.c60_w.pct,SERBIA.SSL,135,0,0
silt.tot_usda.c62_w.pct,AFSIS1.SSL,1890,0,0
silt.tot_usda.c62_w.pct,AFSIS2.SSL,0,0,0
silt.tot_usda.c62_w.pct,CAF.SSL,464,0,0
silt.tot_usda.c62_w.pct,GARRETT.SSL,142,0,0
silt.tot_usda.c62_w.pct,ICRAF.ISRIC,3732,0,3734
silt.tot_usda.c62_w.pct,KSSL.SSL,50013,1976,166
silt.tot_usda.c62_w.pct,LUCAS.SSL,0,0,22650
silt.tot_usda.c62_w.pct,LUCAS.WOODWELL.SSL,589,0,589
silt.tot_usda.c62_w.pct,OSSL,57215,1976,27139
silt.tot_usda.c62_w.pct,SCHIEDUNG.SSL,250,0,0
silt.tot_usda.c62_w.pct,SERBIA.SSL,135,0,0
wr.10kPa_usda.a414_w.pct,AFSIS1.SSL,0,0,0
wr.10kPa_usda.a414_w.pct,AFSIS2.SSL,0,0,0
wr.10kPa_usda.a414_w.pct,CAF.SSL,0,0,0
wr.10kPa_usda.a414_w.pct,GARRETT.SSL,90,0,0
wr.10kPa_usda.a414_w.pct,ICRAF.ISRIC,928,0,928
wr.10kPa_usda.a414_w.pct,KSSL.SSL,3092,195,0
wr.10kPa_usda.a414_w.pct,LUCAS.SSL,0,0,0
wr.10kPa_usda.a414_w.pct,LUCAS.WOODWELL.SSL,0,0,0
wr.10kPa_usda.a414_w.pct,OSSL,4110,195,928
wr.10kPa_usda.a414_w.pct,SCHIEDUNG.SSL,0,0,0
wr.10kPa_usda.a414_w.pct,SERBIA.SSL,0,0,0
wr.1500kPa_usda.a417_w.pct,AFSIS1.SSL,0,0,0
wr.1500kPa_usda.a417_w.pct,AFSIS2.SSL,0,0,0
wr.1500kPa_usda.a417_w.pct,CAF.SSL,0,0,0
wr.1500kPa_usda.a417_w.pct,GARRETT.SSL,90,0,0
wr.1500kPa_usda.a417_w.pct,ICRAF.ISRIC,971,0,971
wr.1500kPa_usda.a417_w.pct,KSSL.SSL,40284,1951,0
wr.1500kPa_usda.a417_w.pct,LUCAS.SSL,0,0,0
wr.1500kPa_usda.a417_w.pct,LUCAS.WOODWELL.SSL,0,0,0
wr.1500kPa_usda.a417_w.pct,OSSL,41345,1951,971
wr.1500kPa_usda.a417_w.pct,SCHIEDUNG.SSL,0,0,0
wr.1500kPa_usda.a417_w.pct,SERBIA.SSL,0,0,0
wr.33kPa_usda.a415_w.pct,AFSIS1.SSL,0,0,0
wr.33kPa_usda.a415_w.pct,AFSIS2.SSL,0,0,0
wr.33kPa_usda.a415_w.pct,CAF.SSL,0,0,0
wr.33kPa_usda.a415_w.pct,GARRETT.SSL,0,0,0
wr.33kPa_usda.a415_w.pct,ICRAF.ISRIC,923,0,923
wr.33kPa_usda.a415_w.pct,KSSL.SSL,18536,1032,0
wr.33kPa_usda.a415_w.pct,LUCAS.SSL,0,0,0
wr.33kPa_usda.a415_w.pct,LUCAS.WOODWELL.SSL,0,0,0
wr.33kPa_usda.a415_w.pct,OSSL,19459,1032,923
wr.33kPa_usda.a415_w.pct,SCHIEDUNG.SSL,0,0,0
wr.33kPa_usda.a415_w.pct,SERBIA.SSL,0,0,0
zn.ext_usda.a1073_mg.kg,AFSIS1.SSL,1904,0,0
zn.ext_usda.a1073_mg.kg,AFSIS2.SSL,138,0,0
zn.ext_usda.a1073_mg.kg,CAF.SSL,0,0,0
zn.ext_usda.a1073_mg.kg,GARRETT.SSL,184,0,0
zn.ext_usda.a1073_mg.kg,ICRAF.ISRIC,0,0,0
zn.ext_usda.a1073_mg.kg,KSSL.SSL,1534,76,0
zn.ext_usda.a1073_mg.kg,LUCAS.SSL,0,0,0
zn.ext_usda.a1073_mg.kg,LUCAS.WOODWELL.SSL,0,0,0
zn.ext_usda.a1073_mg.kg,OSSL,3760,76,0
zn.ext_usda.a1073_mg.kg,SCHIEDUNG.SSL,0,0,0
zn.ext_usda.a1073_mg.kg,SERBIA.SSL,0,0,0
